"url","route","page_type","title","description","h1","h1_count","canonical","http_status","indexable","robots","sitemap_present","lastmod","word_count","source_count","image_count","tool_count","internal_inlinks","content_inlinks","internal_outlinks","depth_from_home","structured_data","schema_errors","missing_alt","duration_ms","current_gsc_status","last_crawl","google_canonical","user_canonical","gsc_verdict","gsc_crawl_allowed","gsc_fetch","gsc_index_allowed","gsc_sitemap","gsc_referring_page","impressions_7d","impressions_28d","clicks_28d","query_count","performance_note","aggregate_gsc_status","index_surface_decision","target_index_surface_decision","priority","action_required","evidence_scope","observed_date"
"https://www.biz2lab.com/health/acute-myocardial-infarction","/health/acute-myocardial-infarction","disease","급성심근경색 | 오누림","가슴 통증이 어느 정도여야 119를 불러야 하는지 망설이지 않도록, 다양한 심근경색 의심 신호와 행동을 정리합니다.","급성심근경색","1","https://www.biz2lab.com/health/acute-myocardial-infarction","200","true","","true","2026-08-26T00:00:00.000Z","365","2","5","1","3","2","16","1","[""Organization"",""WebSite"",""Article""]","0","0","19","DISCOVERED_NOT_INDEXED","NOT_AVAILABLE","NOT_AVAILABLE","NOT_AVAILABLE","페이지 색인이 생성되지 않음: 발견됨 - 현재 색인이 생성되지 않음","해당사항 없음","해당사항 없음","해당사항 없음","https://www.biz2lab.com/sitemap.xml","https://www.biz2lab.com/","0","0","0","NOT_JOINED","Complete UI page tables; absent row = 0 reported impressions, not proof of zero demand. Query count only when exact page filter inspected.","DISCOVERED_NOT_INDEXED","INDEX_PRIMARY","INDEX_PRIMARY","P2","페이지별 순차 개선·출처 대조·12개 인증 기준 QA","PRODUCTION_BASELINE_WITH_UNAPPLIED_PLAN","2026-09-06"
"https://www.biz2lab.com/health/allergic-rhinitis","/health/allergic-rhinitis","disease","알레르기 비염, 원인을 단정하기보다 흐름을 살펴요 | 오누림","코와 눈의 불편을 감기와 혼동하지 않도록, 안전한 관찰과 진료 질문 준비를 돕습니다.","알레르기 비염, 원인을 단정하기보다 흐름을 살펴요","1","https://www.biz2lab.com/health/allergic-rhinitis","200","true","","true","2026-08-26T00:00:00.000Z","418","4","3","3","5","2","18","1","[""Organization"",""WebSite"",""Article""]","0","0","24","INDEXED","2026. 9. 5. 오후 8:02:22","https://www.biz2lab.com/health/allergic-rhinitis","https://www.biz2lab.com/health/allergic-rhinitis","URL이 Google에 등록되어 있음","예","성공","예","https://www.biz2lab.com/sitemap.xml","https://www.biz2lab.com/","0","0","0","NOT_JOINED","Complete UI page tables; absent row = 0 reported impressions, not proof of zero demand. Query count only when exact page filter inspected.","DISCOVERED_NOT_INDEXED","INDEX_PRIMARY","INDEX_PRIMARY","P2","페이지별 순차 개선·출처 대조·12개 인증 기준 QA","PRODUCTION_BASELINE_WITH_UNAPPLIED_PLAN","2026-09-06"
"https://www.biz2lab.com/health/asthma","/health/asthma","disease","천식 | 오누림","기도가 예민해져 좁아질 때 나타날 수 있는 변화를 이해하고, 평소 증상과 응급 호흡곤란을 분리합니다.","천식","1","https://www.biz2lab.com/health/asthma","200","true","","true","2026-08-26T00:00:00.000Z","361","3","5","1","3","2","16","1","[""Organization"",""WebSite"",""Article""]","0","0","13","DISCOVERED_NOT_INDEXED","NOT_AVAILABLE","NOT_AVAILABLE","NOT_AVAILABLE","페이지 색인이 생성되지 않음: 발견됨 - 현재 색인이 생성되지 않음","해당사항 없음","해당사항 없음","해당사항 없음","https://www.biz2lab.com/sitemap.xml","https://www.biz2lab.com/","0","0","0","NOT_JOINED","Complete UI page tables; absent row = 0 reported impressions, not proof of zero demand. Query count only when exact page filter inspected.","DISCOVERED_NOT_INDEXED","INDEX_PRIMARY","INDEX_PRIMARY","P2","페이지별 순차 개선·출처 대조·12개 인증 기준 QA","PRODUCTION_BASELINE_WITH_UNAPPLIED_PLAN","2026-09-06"
"https://www.biz2lab.com/health/gastroesophageal-reflux-disease","/health/gastroesophageal-reflux-disease","disease","위식도역류질환, 음식 하나보다 시간과 변화를 기록해요 | 오누림","속쓰림과 역류감의 흐름을 관찰하고, 흉부 불편을 혼자 역류로 결론 내리지 않도록 돕습니다.","위식도역류질환, 음식 하나보다 시간과 변화를 기록해요","1","https://www.biz2lab.com/health/gastroesophageal-reflux-disease","200","true","","true","2026-08-26T00:00:00.000Z","439","5","3","3","5","2","18","1","[""Organization"",""WebSite"",""Article""]","0","0","43","INDEXED","2026. 8. 30. 오후 4:18:58","https://www.biz2lab.com/health/gastroesophageal-reflux-disease","https://www.biz2lab.com/health/gastroesophageal-reflux-disease","URL이 Google에 등록되어 있음","예","성공","예","https://www.biz2lab.com/sitemap.xml","https://www.biz2lab.com/","0","0","0","NOT_JOINED","Complete UI page tables; absent row = 0 reported impressions, not proof of zero demand. Query count only when exact page filter inspected.","DISCOVERED_NOT_INDEXED","INDEX_PRIMARY","INDEX_PRIMARY","P2","페이지별 순차 개선·출처 대조·12개 인증 기준 QA","PRODUCTION_BASELINE_WITH_UNAPPLIED_PLAN","2026-09-06"
"https://www.biz2lab.com/health/gout","/health/gout","disease","통풍 | 오누림","통풍을 음식 하나의 벌처럼 설명하지 않고, 갑작스러운 관절 변화와 요산 검사의 한계를 함께 봅니다.","통풍","1","https://www.biz2lab.com/health/gout","200","true","","true","2026-08-26T00:00:00.000Z","383","3","5","1","3","2","16","1","[""Organization"",""WebSite"",""Article""]","0","0","15","DISCOVERED_NOT_INDEXED","NOT_AVAILABLE","NOT_AVAILABLE","NOT_AVAILABLE","페이지 색인이 생성되지 않음: 발견됨 - 현재 색인이 생성되지 않음","해당사항 없음","해당사항 없음","해당사항 없음","https://www.biz2lab.com/sitemap.xml","https://www.biz2lab.com/","0","0","0","NOT_JOINED","Complete UI page tables; absent row = 0 reported impressions, not proof of zero demand. Query count only when exact page filter inspected.","DISCOVERED_NOT_INDEXED","INDEX_PRIMARY","INDEX_PRIMARY","P2","페이지별 순차 개선·출처 대조·12개 인증 기준 QA","PRODUCTION_BASELINE_WITH_UNAPPLIED_PLAN","2026-09-06"
"https://www.biz2lab.com/health/guides/appointment-questions","/health/guides/appointment-questions","support","진료 전에 준비하면 좋은 질문 | 오누림","진료시간에 가장 중요한 내용을 놓치지 않도록 질문을 세 묶음으로 정리합니다.","진료 전에 준비하면 좋은 질문","1","https://www.biz2lab.com/health/guides/appointment-questions","200","true","","true","2026-08-26T00:00:00.000Z","101","2","0","0","76","2","14","1","[""Organization"",""WebSite""]","0","0","21","INDEXED","2026. 9. 6. 오전 4:06:38","https://www.biz2lab.com/health/guides/appointment-questions","https://www.biz2lab.com/health/guides/appointment-questions","URL이 Google에 등록되어 있음","예","성공","예","https://www.biz2lab.com/sitemap.xml","감지된 페이지 없음","0","0","0","NOT_JOINED","Complete UI page tables; absent row = 0 reported impressions, not proof of zero demand. Query count only when exact page filter inspected.","DISCOVERED_NOT_INDEXED","INDEX_SUPPORT","INDEX_SUPPORT","P3","페이지별 순차 개선·출처 대조·12개 인증 기준 QA","PRODUCTION_BASELINE_WITH_UNAPPLIED_PLAN","2026-09-06"
"https://www.biz2lab.com/health/guides/family-medication-support","/health/guides/family-medication-support","support","가족의 복약 관리를 도울 때 확인할 것 | 오누림","감시하거나 약을 대신 정하지 않고, 당사자의 동의 아래 정확한 목록과 문의 경로를 준비합니다.","가족의 복약 관리를 도울 때 확인할 것","1","https://www.biz2lab.com/health/guides/family-medication-support","200","true","","true","2026-08-26T00:00:00.000Z","104","2","0","0","76","2","14","1","[""Organization"",""WebSite""]","0","0","20","DISCOVERED_NOT_INDEXED","NOT_AVAILABLE","NOT_AVAILABLE","NOT_AVAILABLE","페이지 색인이 생성되지 않음: 발견됨 - 현재 색인이 생성되지 않음","해당사항 없음","해당사항 없음","해당사항 없음","https://www.biz2lab.com/sitemap.xml","감지된 페이지 없음","0","0","0","NOT_JOINED","Complete UI page tables; absent row = 0 reported impressions, not proof of zero demand. Query count only when exact page filter inspected.","DISCOVERED_NOT_INDEXED","INDEX_SUPPORT","INDEX_SUPPORT","P3","페이지별 순차 개선·출처 대조·12개 인증 기준 QA","PRODUCTION_BASELINE_WITH_UNAPPLIED_PLAN","2026-09-06"
"https://www.biz2lab.com/health/guides/measuring-blood-pressure","/health/guides/measuring-blood-pressure","support","혈압 제대로 재는 방법 | 오누림","한 번의 숫자에 놀라기 전에 같은 조건에서 잴 수 있도록 준비·자세·기록을 나눕니다.","혈압 제대로 재는 방법","1","https://www.biz2lab.com/health/guides/measuring-blood-pressure","200","true","","true","2026-08-26T00:00:00.000Z","104","2","0","0","2","2","15","1","[""Organization"",""WebSite""]","0","0","173","DISCOVERED_NOT_INDEXED","NOT_AVAILABLE","NOT_AVAILABLE","NOT_AVAILABLE","페이지 색인이 생성되지 않음: 발견됨 - 현재 색인이 생성되지 않음","해당사항 없음","해당사항 없음","해당사항 없음","https://www.biz2lab.com/sitemap.xml","감지된 페이지 없음","0","0","0","NOT_JOINED","Complete UI page tables; absent row = 0 reported impressions, not proof of zero demand. Query count only when exact page filter inspected.","DISCOVERED_NOT_INDEXED","INDEX_SUPPORT","INDEX_SUPPORT","P3","페이지별 순차 개선·출처 대조·12개 인증 기준 QA","PRODUCTION_BASELINE_WITH_UNAPPLIED_PLAN","2026-09-06"
"https://www.biz2lab.com/health/guides/medication-list","/health/guides/medication-list","support","약 이름과 복용 정보를 정리하는 법 | 오누림","처방약·일반약·보충제를 한 목록에 적어 진료와 약국에서 정확히 보여 줍니다.","약 이름과 복용 정보를 정리하는 법","1","https://www.biz2lab.com/health/guides/medication-list","200","true","","true","2026-08-26T00:00:00.000Z","82","2","0","0","2","2","15","1","[""Organization"",""WebSite""]","0","0","12","DISCOVERED_NOT_INDEXED","NOT_AVAILABLE","NOT_AVAILABLE","NOT_AVAILABLE","페이지 색인이 생성되지 않음: 발견됨 - 현재 색인이 생성되지 않음","해당사항 없음","해당사항 없음","해당사항 없음","https://www.biz2lab.com/sitemap.xml","https://www.biz2lab.com/","0","0","0","NOT_JOINED","Complete UI page tables; absent row = 0 reported impressions, not proof of zero demand. Query count only when exact page filter inspected.","DISCOVERED_NOT_INDEXED","INDEX_SUPPORT","INDEX_SUPPORT","P3","페이지별 순차 개선·출처 대조·12개 인증 기준 QA","PRODUCTION_BASELINE_WITH_UNAPPLIED_PLAN","2026-09-06"
"https://www.biz2lab.com/health/guides/older-parent-health-organizer","/health/guides/older-parent-health-organizer","support","고령 부모님 건강정보를 정리하는 방법 | 오누림","가족이 대신 결정하기보다 당사자의 동의 아래 응급·진료 정보를 찾기 쉽게 정리합니다.","고령 부모님 건강정보를 정리하는 방법","1","https://www.biz2lab.com/health/guides/older-parent-health-organizer","200","true","","true","2026-08-26T00:00:00.000Z","104","2","0","0","2","2","15","1","[""Organization"",""WebSite""]","0","0","16","UNKNOWN","NOT_AVAILABLE","NOT_AVAILABLE","NOT_AVAILABLE","페이지 색인이 생성되지 않음: Google에는 아직 알려지지 않은 URL입니다.","해당사항 없음","해당사항 없음","해당사항 없음","감지된 참조 사이트맵이 없습니다.","감지된 페이지 없음","0","0","0","NOT_JOINED","Complete UI page tables; absent row = 0 reported impressions, not proof of zero demand. Query count only when exact page filter inspected.","DISCOVERED_NOT_INDEXED","INDEX_SUPPORT","INDEX_SUPPORT","P3","페이지별 순차 개선·출처 대조·12개 인증 기준 QA","PRODUCTION_BASELINE_WITH_UNAPPLIED_PLAN","2026-09-06"
"https://www.biz2lab.com/health/guides/symptom-journal","/health/guides/symptom-journal","support","아픈 증상을 기록하는 방법 | 오누림","통증 점수 하나보다 시작 시각, 변화, 함께 나타난 신호와 일상 영향을 짧게 남깁니다.","아픈 증상을 기록하는 방법","1","https://www.biz2lab.com/health/guides/symptom-journal","200","true","","true","2026-08-26T00:00:00.000Z","94","2","0","0","2","2","15","1","[""Organization"",""WebSite""]","0","0","17","DISCOVERED_NOT_INDEXED","NOT_AVAILABLE","NOT_AVAILABLE","NOT_AVAILABLE","페이지 색인이 생성되지 않음: 발견됨 - 현재 색인이 생성되지 않음","해당사항 없음","해당사항 없음","해당사항 없음","https://www.biz2lab.com/sitemap.xml","감지된 페이지 없음","0","0","0","NOT_JOINED","Complete UI page tables; absent row = 0 reported impressions, not proof of zero demand. Query count only when exact page filter inspected.","DISCOVERED_NOT_INDEXED","INDEX_SUPPORT","INDEX_SUPPORT","P3","페이지별 순차 개선·출처 대조·12개 인증 기준 QA","PRODUCTION_BASELINE_WITH_UNAPPLIED_PLAN","2026-09-06"
"https://www.biz2lab.com/health/irritable-bowel-syndrome","/health/irritable-bowel-syndrome","disease","과민성장증후군 | 오누림","배 아픔과 배변 변화의 흐름을 살피되, 모든 복통을 과민성장증후군으로 부르지 않도록 경계를 세웁니다.","과민성장증후군","1","https://www.biz2lab.com/health/irritable-bowel-syndrome","200","true","","true","2026-08-26T00:00:00.000Z","379","3","5","1","3","2","16","1","[""Organization"",""WebSite"",""Article""]","0","0","18","INDEXED","2026. 9. 5. 오후 7:55:44","https://www.biz2lab.com/health/irritable-bowel-syndrome","https://www.biz2lab.com/health/irritable-bowel-syndrome","URL이 Google에 등록되어 있음","예","성공","예","https://www.biz2lab.com/sitemap.xml","감지된 페이지 없음","0","0","0","NOT_JOINED","Complete UI page tables; absent row = 0 reported impressions, not proof of zero demand. Query count only when exact page filter inspected.","DISCOVERED_NOT_INDEXED","INDEX_PRIMARY","INDEX_PRIMARY","P2","페이지별 순차 개선·출처 대조·12개 인증 기준 QA","PRODUCTION_BASELINE_WITH_UNAPPLIED_PLAN","2026-09-06"
"https://www.biz2lab.com/health/kidney-stones","/health/kidney-stones","disease","신장결석 | 오누림","소변 속 물질이 작은 돌처럼 뭉치는 과정을 이해하고, 통증 위치와 소변 변화를 정확히 설명하도록 돕습니다.","신장결석","1","https://www.biz2lab.com/health/kidney-stones","200","true","","true","2026-08-26T00:00:00.000Z","384","3","5","1","3","2","16","1","[""Organization"",""WebSite"",""Article""]","0","0","23","DISCOVERED_NOT_INDEXED","NOT_AVAILABLE","NOT_AVAILABLE","NOT_AVAILABLE","페이지 색인이 생성되지 않음: 발견됨 - 현재 색인이 생성되지 않음","해당사항 없음","해당사항 없음","해당사항 없음","https://www.biz2lab.com/sitemap.xml","감지된 페이지 없음","0","0","0","NOT_JOINED","Complete UI page tables; absent row = 0 reported impressions, not proof of zero demand. Query count only when exact page filter inspected.","DISCOVERED_NOT_INDEXED","INDEX_PRIMARY","INDEX_PRIMARY","P2","페이지별 순차 개선·출처 대조·12개 인증 기준 QA","PRODUCTION_BASELINE_WITH_UNAPPLIED_PLAN","2026-09-06"
"https://www.biz2lab.com/health/metabolic-dysfunction-associated-steatotic-liver-disease","/health/metabolic-dysfunction-associated-steatotic-liver-disease","disease","지방간(MASLD) | 오누림","건강검진에서 지방간 이야기를 들었을 때, 증상이 없다는 말과 관리가 필요 없다는 말을 구분해 봅니다.","지방간(MASLD)","1","https://www.biz2lab.com/health/metabolic-dysfunction-associated-steatotic-liver-disease","200","true","","true","2026-08-26T00:00:00.000Z","392","3","5","1","3","2","16","1","[""Organization"",""WebSite"",""Article""]","0","0","24","DISCOVERED_NOT_INDEXED","NOT_AVAILABLE","NOT_AVAILABLE","NOT_AVAILABLE","페이지 색인이 생성되지 않음: 발견됨 - 현재 색인이 생성되지 않음","해당사항 없음","해당사항 없음","해당사항 없음","https://www.biz2lab.com/sitemap.xml","https://www.biz2lab.com/","0","0","0","NOT_JOINED","Complete UI page tables; absent row = 0 reported impressions, not proof of zero demand. Query count only when exact page filter inspected.","DISCOVERED_NOT_INDEXED","INDEX_PRIMARY","INDEX_PRIMARY","P2","페이지별 순차 개선·출처 대조·12개 인증 기준 QA","PRODUCTION_BASELINE_WITH_UNAPPLIED_PLAN","2026-09-06"
"https://www.biz2lab.com/health/migraine","/health/migraine","disease","편두통 | 오누림","편두통을 단순히 한쪽 머리가 아픈 병으로 줄이지 않고, 반복되는 두통과 동반 변화를 시간표로 살핍니다.","편두통","1","https://www.biz2lab.com/health/migraine","200","true","","true","2026-08-26T00:00:00.000Z","377","3","5","1","3","2","16","1","[""Organization"",""WebSite"",""Article""]","0","0","16","INDEXED","2026. 8. 30. 오후 8:56:20","https://www.biz2lab.com/health/migraine","https://www.biz2lab.com/health/migraine","URL이 Google에 등록되어 있음","예","성공","예","일시적인 처리 오류","https://www.biz2lab.com/","0","0","0","NOT_JOINED","Complete UI page tables; absent row = 0 reported impressions, not proof of zero demand. Query count only when exact page filter inspected.","DISCOVERED_NOT_INDEXED","INDEX_PRIMARY","INDEX_PRIMARY","P2","페이지별 순차 개선·출처 대조·12개 인증 기준 QA","PRODUCTION_BASELINE_WITH_UNAPPLIED_PLAN","2026-09-06"
"https://www.biz2lab.com/health/obesity","/health/obesity","disease","비만 | 오누림","체중을 의지나 외모의 문제로 몰아가지 않고, 건강 상태와 생활 환경을 함께 살피는 질문을 준비합니다.","비만","1","https://www.biz2lab.com/health/obesity","200","true","","true","2026-08-26T00:00:00.000Z","399","3","5","1","3","2","16","1","[""Organization"",""WebSite"",""Article""]","0","0","24","INDEXED","2026. 9. 4. 오후 9:31:09","https://www.biz2lab.com/health/obesity","https://www.biz2lab.com/health/obesity","URL이 Google에 등록되어 있음","예","성공","예","https://www.biz2lab.com/sitemap.xml","https://www.biz2lab.com/","0","0","0","NOT_JOINED","Complete UI page tables; absent row = 0 reported impressions, not proof of zero demand. Query count only when exact page filter inspected.","DISCOVERED_NOT_INDEXED","INDEX_PRIMARY","INDEX_PRIMARY","P2","페이지별 순차 개선·출처 대조·12개 인증 기준 QA","PRODUCTION_BASELINE_WITH_UNAPPLIED_PLAN","2026-09-06"
"https://www.biz2lab.com/health/osteoarthritis","/health/osteoarthritis","disease","골관절염, 아픈 정도보다 생활의 변화를 함께 적어요 | 오누림","관절의 불편을 혼자 병명으로 결론 내리지 않고, 일상 변화와 진료 질문을 차분히 준비합니다.","골관절염, 아픈 정도보다 생활의 변화를 함께 적어요","1","https://www.biz2lab.com/health/osteoarthritis","200","true","","true","2026-08-26T00:00:00.000Z","425","5","3","3","5","2","18","1","[""Organization"",""WebSite"",""Article""]","0","0","15","DISCOVERED_NOT_INDEXED","NOT_AVAILABLE","NOT_AVAILABLE","NOT_AVAILABLE","페이지 색인이 생성되지 않음: 발견됨 - 현재 색인이 생성되지 않음","해당사항 없음","해당사항 없음","해당사항 없음","https://www.biz2lab.com/sitemap.xml","감지된 페이지 없음","0","0","0","NOT_JOINED","Complete UI page tables; absent row = 0 reported impressions, not proof of zero demand. Query count only when exact page filter inspected.","DISCOVERED_NOT_INDEXED","INDEX_PRIMARY","INDEX_PRIMARY","P2","페이지별 순차 개선·출처 대조·12개 인증 기준 QA","PRODUCTION_BASELINE_WITH_UNAPPLIED_PLAN","2026-09-06"
"https://www.biz2lab.com/health/osteoporosis","/health/osteoporosis","disease","골다공증, 증상이 없을 때도 질문을 준비해요 | 오누림","골밀도와 골절 위험을 혼자 계산하지 않고, 집안 환경과 진료 질문을 안전하게 준비합니다.","골다공증, 증상이 없을 때도 질문을 준비해요","1","https://www.biz2lab.com/health/osteoporosis","200","true","","true","2026-08-26T00:00:00.000Z","451","5","3","3","5","2","18","1","[""Organization"",""WebSite"",""Article""]","0","0","19","INDEXED","2026. 8. 30. 오전 4:27:06","https://www.biz2lab.com/health/osteoporosis","https://www.biz2lab.com/health/osteoporosis","URL이 Google에 등록되어 있음","예","성공","예","https://www.biz2lab.com/sitemap.xml","https://www.biz2lab.com/","0","0","0","NOT_JOINED","Complete UI page tables; absent row = 0 reported impressions, not proof of zero demand. Query count only when exact page filter inspected.","DISCOVERED_NOT_INDEXED","INDEX_PRIMARY","INDEX_PRIMARY","P2","페이지별 순차 개선·출처 대조·12개 인증 기준 QA","PRODUCTION_BASELINE_WITH_UNAPPLIED_PLAN","2026-09-06"
"https://www.biz2lab.com/health/sleep-apnea","/health/sleep-apnea","disease","수면무호흡증 | 오누림","함께 사는 사람이 먼저 알아채는 코골이와 숨 멎음, 낮 졸림의 단서를 비난 없이 진료 정보로 바꿉니다.","수면무호흡증","1","https://www.biz2lab.com/health/sleep-apnea","200","true","","true","2026-08-26T00:00:00.000Z","361","3","5","1","3","2","16","1","[""Organization"",""WebSite"",""Article""]","0","0","36","DISCOVERED_NOT_INDEXED","NOT_AVAILABLE","NOT_AVAILABLE","NOT_AVAILABLE","페이지 색인이 생성되지 않음: 발견됨 - 현재 색인이 생성되지 않음","해당사항 없음","해당사항 없음","해당사항 없음","https://www.biz2lab.com/sitemap.xml","https://www.biz2lab.com/","0","0","0","NOT_JOINED","Complete UI page tables; absent row = 0 reported impressions, not proof of zero demand. Query count only when exact page filter inspected.","DISCOVERED_NOT_INDEXED","INDEX_PRIMARY","INDEX_PRIMARY","P2","페이지별 순차 개선·출처 대조·12개 인증 기준 QA","PRODUCTION_BASELINE_WITH_UNAPPLIED_PLAN","2026-09-06"
"https://www.biz2lab.com/health/stroke","/health/stroke","disease","뇌졸중 | 오누림","갑작스러운 한쪽 마비와 말·시야 변화를 알아보고, 증상이 잠깐 좋아져도 기다리지 않아야 하는 이유를 설명합니다.","뇌졸중","1","https://www.biz2lab.com/health/stroke","200","true","","true","2026-08-26T00:00:00.000Z","378","2","5","1","3","2","16","1","[""Organization"",""WebSite"",""Article""]","0","0","16","DISCOVERED_NOT_INDEXED","NOT_AVAILABLE","NOT_AVAILABLE","NOT_AVAILABLE","페이지 색인이 생성되지 않음: 발견됨 - 현재 색인이 생성되지 않음","해당사항 없음","해당사항 없음","해당사항 없음","https://www.biz2lab.com/sitemap.xml","감지된 페이지 없음","0","0","0","NOT_JOINED","Complete UI page tables; absent row = 0 reported impressions, not proof of zero demand. Query count only when exact page filter inspected.","DISCOVERED_NOT_INDEXED","INDEX_PRIMARY","INDEX_PRIMARY","P2","페이지별 순차 개선·출처 대조·12개 인증 기준 QA","PRODUCTION_BASELINE_WITH_UNAPPLIED_PLAN","2026-09-06"
"https://www.biz2lab.com/health/tools/acute-myocardial-infarction-visit-card","/health/tools/acute-myocardial-infarction-visit-card","tool","급성심근경색 관찰·진료 질문 카드 | 오누림","개인 진단 대신 증상 흐름과 의료진에게 물을 내용을 한 장에 정리합니다.","급성심근경색 관찰·진료 질문 카드","1","https://www.biz2lab.com/health/tools/acute-myocardial-infarction-visit-card","200","true","","true","2026-08-26T00:00:00.000Z","66","0","0","1","3","3","16","1","[""Organization"",""WebSite""]","0","0","39","UNKNOWN","NOT_AVAILABLE","NOT_AVAILABLE","NOT_AVAILABLE","페이지 색인이 생성되지 않음: Google에는 아직 알려지지 않은 URL입니다.","해당사항 없음","해당사항 없음","해당사항 없음","감지된 참조 사이트맵이 없습니다.","감지된 페이지 없음","0","0","0","NOT_JOINED","Complete UI page tables; absent row = 0 reported impressions, not proof of zero demand. Query count only when exact page filter inspected.","DISCOVERED_NOT_INDEXED","NOINDEX_FOLLOW","NOINDEX_FOLLOW","P4","119 먼저 보이게 분리; 부모 응급 안내 연결; 독립 검색 확대 없음","PRODUCTION_BASELINE_WITH_UNAPPLIED_PLAN","2026-09-06"
"https://www.biz2lab.com/health/tools/allergy-appointment-questions","/health/tools/allergy-appointment-questions","tool","알레르기 비염 진료 질문 카드 | 오누림","증상 흐름과 검사 필요 여부를 묻기 위한 질문 카드입니다.","알레르기 비염 진료 질문 카드","1","https://www.biz2lab.com/health/tools/allergy-appointment-questions","200","true","","true","2026-08-26T00:00:00.000Z","71","0","0","1","3","3","16","1","[""Organization"",""WebSite""]","0","0","16","DISCOVERED_NOT_INDEXED","NOT_AVAILABLE","NOT_AVAILABLE","NOT_AVAILABLE","페이지 색인이 생성되지 않음: 발견됨 - 현재 색인이 생성되지 않음","해당사항 없음","해당사항 없음","해당사항 없음","https://www.biz2lab.com/sitemap.xml","https://www.biz2lab.com/","0","0","0","NOT_JOINED","Complete UI page tables; absent row = 0 reported impressions, not proof of zero demand. Query count only when exact page filter inspected.","DISCOVERED_NOT_INDEXED","ENRICH_THEN_INDEX","INDEX_UTILITY","P4","진료 준비 순서와 제품명/질문/답변 칸 보강","PRODUCTION_BASELINE_WITH_UNAPPLIED_PLAN","2026-09-06"
"https://www.biz2lab.com/health/tools/allergy-environment-check","/health/tools/allergy-environment-check","tool","환경 변화 관찰 체크 | 오누림","환경을 바꾼 뒤의 흐름을 살피고 개인 효과를 단정하지 않습니다.","환경 변화 관찰 체크","1","https://www.biz2lab.com/health/tools/allergy-environment-check","200","true","","true","2026-08-26T00:00:00.000Z","63","0","0","1","3","3","16","1","[""Organization"",""WebSite""]","0","0","11","DISCOVERED_NOT_INDEXED","NOT_AVAILABLE","NOT_AVAILABLE","NOT_AVAILABLE","페이지 색인이 생성되지 않음: 발견됨 - 현재 색인이 생성되지 않음","해당사항 없음","해당사항 없음","해당사항 없음","https://www.biz2lab.com/sitemap.xml","감지된 페이지 없음","0","0","0","NOT_JOINED","Complete UI page tables; absent row = 0 reported impressions, not proof of zero demand. Query count only when exact page filter inspected.","DISCOVERED_NOT_INDEXED","NOINDEX_FOLLOW","NOINDEX_FOLLOW","P4","관찰표/부모 글로 문맥 연결; 별도 장문 확장 없음","PRODUCTION_BASELINE_WITH_UNAPPLIED_PLAN","2026-09-06"
"https://www.biz2lab.com/health/tools/allergy-trigger-observation","/health/tools/allergy-trigger-observation","tool","알레르기 비염 관찰표 | 오누림","증상·장소·시간을 적되 원인을 판정하지 않는 기록지입니다.","알레르기 비염 관찰표","1","https://www.biz2lab.com/health/tools/allergy-trigger-observation","200","true","","true","2026-08-26T00:00:00.000Z","43","0","0","1","3","3","16","1","[""Organization"",""WebSite""]","0","0","20","INDEXED","2026. 9. 6. 오전 2:46:52","https://www.biz2lab.com/health/tools/allergy-trigger-observation","https://www.biz2lab.com/health/tools/allergy-trigger-observation","URL이 Google에 등록되어 있음","예","성공","예","https://www.biz2lab.com/sitemap.xml","감지된 페이지 없음","0","0","0","NOT_JOINED","Complete UI page tables; absent row = 0 reported impressions, not proof of zero demand. Query count only when exact page filter inspected.","DISCOVERED_NOT_INDEXED","INDEX_UTILITY","INDEX_UTILITY","P4","한 번의 노출을 원인으로 단정하지 않는 예시와 출처 링크","PRODUCTION_BASELINE_WITH_UNAPPLIED_PLAN","2026-09-06"
"https://www.biz2lab.com/health/tools/anxiety-disorder-visit-card","/health/tools/anxiety-disorder-visit-card","tool","불안장애 관찰·진료 질문 카드 | 오누림","개인 진단 대신 증상 흐름과 의료진에게 물을 내용을 한 장에 정리합니다.","불안장애 관찰·진료 질문 카드","1","https://www.biz2lab.com/health/tools/anxiety-disorder-visit-card","200","true","","true","2026-08-26T00:00:00.000Z","63","0","0","1","3","3","16","1","[""Organization"",""WebSite""]","0","0","21","DISCOVERED_NOT_INDEXED","NOT_AVAILABLE","NOT_AVAILABLE","NOT_AVAILABLE","페이지 색인이 생성되지 않음: 발견됨 - 현재 색인이 생성되지 않음","해당사항 없음","해당사항 없음","해당사항 없음","https://www.biz2lab.com/sitemap.xml","https://www.biz2lab.com/","0","0","0","NOT_JOINED","Complete UI page tables; absent row = 0 reported impressions, not proof of zero demand. Query count only when exact page filter inspected.","DISCOVERED_NOT_INDEXED","NOINDEX_FOLLOW","NOINDEX_FOLLOW","P4","원인 자가확정 금지 유지; 동의와 사생활 안내","PRODUCTION_BASELINE_WITH_UNAPPLIED_PLAN","2026-09-06"
"https://www.biz2lab.com/health/tools/asthma-visit-card","/health/tools/asthma-visit-card","tool","천식 관찰·진료 질문 카드 | 오누림","개인 진단 대신 증상 흐름과 의료진에게 물을 내용을 한 장에 정리합니다.","천식 관찰·진료 질문 카드","1","https://www.biz2lab.com/health/tools/asthma-visit-card","200","true","","true","2026-08-26T00:00:00.000Z","61","0","0","1","3","3","16","1","[""Organization"",""WebSite""]","0","0","21","DISCOVERED_NOT_INDEXED","NOT_AVAILABLE","NOT_AVAILABLE","NOT_AVAILABLE","페이지 색인이 생성되지 않음: 발견됨 - 현재 색인이 생성되지 않음","해당사항 없음","해당사항 없음","해당사항 없음","https://www.biz2lab.com/sitemap.xml","감지된 페이지 없음","0","0","0","NOT_JOINED","Complete UI page tables; absent row = 0 reported impressions, not proof of zero demand. Query count only when exact page filter inspected.","DISCOVERED_NOT_INDEXED","ENRICH_THEN_INDEX","INDEX_UTILITY","P4","기존 필드 렌더링; 평상시 진료용과 급성 도움 경계 표시","PRODUCTION_BASELINE_WITH_UNAPPLIED_PLAN","2026-09-06"
"https://www.biz2lab.com/health/tools/blood-pressure-log","/health/tools/blood-pressure-log","tool","7일 혈압 기록표 | 오누림","결론을 계산하지 않고 측정 환경과 원래 값을 함께 남기는 개인 기록지입니다.","7일 혈압 기록표","1","https://www.biz2lab.com/health/tools/blood-pressure-log","200","true","","true","2026-08-26T00:00:00.000Z","51","0","0","1","3","3","16","1","[""Organization"",""WebSite""]","0","0","14","UNKNOWN","NOT_AVAILABLE","NOT_AVAILABLE","NOT_AVAILABLE","페이지 색인이 생성되지 않음: Google에는 아직 알려지지 않은 URL입니다.","해당사항 없음","해당사항 없음","해당사항 없음","감지된 참조 사이트맵이 없습니다.","감지된 페이지 없음","0","0","0","NOT_JOINED","Complete UI page tables; absent row = 0 reported impressions, not proof of zero demand. Query count only when exact page filter inspected.","DISCOVERED_NOT_INDEXED","INDEX_UTILITY","INDEX_UTILITY","P4","인쇄 사용법과 빈칸 예시; 측정 준비 링크; 평균·진단 자동계산 금지","PRODUCTION_BASELINE_WITH_UNAPPLIED_PLAN","2026-09-06"
"https://www.biz2lab.com/health/tools/blood-pressure-prep","/health/tools/blood-pressure-prep","tool","혈압 측정 준비 체크리스트 | 오누림","같은 조건에서 더 안정적으로 측정하기 위한 준비표입니다.","혈압 측정 준비 체크리스트","1","https://www.biz2lab.com/health/tools/blood-pressure-prep","200","true","","true","2026-08-26T00:00:00.000Z","73","0","0","1","3","3","16","1","[""Organization"",""WebSite""]","0","0","16","INDEXED","2026. 9. 6. 오전 4:05:57","https://www.biz2lab.com/health/tools/blood-pressure-prep","https://www.biz2lab.com/health/tools/blood-pressure-prep","URL이 Google에 등록되어 있음","예","성공","예","https://www.biz2lab.com/sitemap.xml","https://www.biz2lab.com/","0","0","0","NOT_JOINED","Complete UI page tables; absent row = 0 reported impressions, not proof of zero demand. Query count only when exact page filter inspected.","DISCOVERED_NOT_INDEXED","INDEX_UTILITY","INDEX_UTILITY","P4","사용 시점과 두 번 측정 기록법 링크; 출처 URL 직접 제공","PRODUCTION_BASELINE_WITH_UNAPPLIED_PLAN","2026-09-06"
"https://www.biz2lab.com/health/tools/depression-visit-card","/health/tools/depression-visit-card","tool","우울증 관찰·진료 질문 카드 | 오누림","개인 진단 대신 증상 흐름과 의료진에게 물을 내용을 한 장에 정리합니다.","우울증 관찰·진료 질문 카드","1","https://www.biz2lab.com/health/tools/depression-visit-card","200","true","","true","2026-08-26T00:00:00.000Z","69","0","0","1","3","3","16","1","[""Organization"",""WebSite""]","0","0","11","INDEXED","2026. 8. 30. 오전 8:13:50","https://www.biz2lab.com/health/tools/depression-visit-card","https://www.biz2lab.com/health/tools/depression-visit-card","URL이 Google에 등록되어 있음","예","성공","예","https://www.biz2lab.com/sitemap.xml","https://www.biz2lab.com/","0","0","0","NOT_JOINED","Complete UI page tables; absent row = 0 reported impressions, not proof of zero demand. Query count only when exact page filter inspected.","DISCOVERED_NOT_INDEXED","NOINDEX_FOLLOW","NOINDEX_FOLLOW","P4","출력 접근 유지; 자해 위험 때 기록 완성보다 도움 우선","PRODUCTION_BASELINE_WITH_UNAPPLIED_PLAN","2026-09-06"
"https://www.biz2lab.com/health/tools/diabetes-questions","/health/tools/diabetes-questions","tool","제2형 당뇨병 진료 질문지 | 오누림","검사 의미와 다음 행동을 의료진에게 확인하기 위한 질문지입니다.","제2형 당뇨병 진료 질문지","1","https://www.biz2lab.com/health/tools/diabetes-questions","200","true","","true","2026-08-26T00:00:00.000Z","83","0","0","1","3","3","16","1","[""Organization"",""WebSite""]","0","0","11","INDEXED","2026. 8. 30. 오전 12:26:53","https://www.biz2lab.com/health/tools/diabetes-questions","https://www.biz2lab.com/health/tools/diabetes-questions","URL이 Google에 등록되어 있음","예","성공","예","https://www.biz2lab.com/sitemap.xml","https://www.biz2lab.com/","0","0","0","NOT_JOINED","Complete UI page tables; absent row = 0 reported impressions, not proof of zero demand. Query count only when exact page filter inspected.","DISCOVERED_NOT_INDEXED","ENRICH_THEN_INDEX","INDEX_UTILITY","P4","검사명·날짜 준비와 답변/다음 검사 질문 칸 보강","PRODUCTION_BASELINE_WITH_UNAPPLIED_PLAN","2026-09-06"
"https://www.biz2lab.com/health/tools/diabetes-test-terms","/health/tools/diabetes-test-terms","tool","혈당 검사 용어 한 장 | 오누림","공복혈당과 HbA1c가 보는 시간 범위를 구분합니다.","혈당 검사 용어 한 장","1","https://www.biz2lab.com/health/tools/diabetes-test-terms","200","true","","true","2026-08-26T00:00:00.000Z","85","0","0","1","3","3","16","1","[""Organization"",""WebSite""]","0","0","13","DISCOVERED_NOT_INDEXED","NOT_AVAILABLE","NOT_AVAILABLE","NOT_AVAILABLE","페이지 색인이 생성되지 않음: 발견됨 - 현재 색인이 생성되지 않음","해당사항 없음","해당사항 없음","해당사항 없음","https://www.biz2lab.com/sitemap.xml","감지된 페이지 없음","0","0","0","NOT_JOINED","Complete UI page tables; absent row = 0 reported impressions, not proof of zero demand. Query count only when exact page filter inspected.","DISCOVERED_NOT_INDEXED","NOINDEX_FOLLOW","NOINDEX_FOLLOW","P4","HbA1c 설명을 주된 검색 도착점으로; 요약지는 출력용 유지","PRODUCTION_BASELINE_WITH_UNAPPLIED_PLAN","2026-09-06"
"https://www.biz2lab.com/health/tools/dyslipidemia-visit-card","/health/tools/dyslipidemia-visit-card","tool","이상지질혈증 관찰·진료 질문 카드 | 오누림","개인 진단 대신 증상 흐름과 의료진에게 물을 내용을 한 장에 정리합니다.","이상지질혈증 관찰·진료 질문 카드","1","https://www.biz2lab.com/health/tools/dyslipidemia-visit-card","200","true","","true","2026-08-26T00:00:00.000Z","66","0","0","1","3","3","16","1","[""Organization"",""WebSite""]","0","0","14","INDEXED","2026. 9. 6. 오전 1:42:23","https://www.biz2lab.com/health/tools/dyslipidemia-visit-card","https://www.biz2lab.com/health/tools/dyslipidemia-visit-card","URL이 Google에 등록되어 있음","예","성공","예","https://www.biz2lab.com/sitemap.xml","감지된 페이지 없음","0","0","0","NOT_JOINED","Complete UI page tables; absent row = 0 reported impressions, not proof of zero demand. Query count only when exact page filter inspected.","DISCOVERED_NOT_INDEXED","ENRICH_THEN_INDEX","INDEX_UTILITY","P4","검사명/날짜/개별 목표 필드 표시; 지질 검사에 맞는 고유 설명","PRODUCTION_BASELINE_WITH_UNAPPLIED_PLAN","2026-09-06"
"https://www.biz2lab.com/health/tools/gerd-appointment-prep","/health/tools/gerd-appointment-prep","tool","위식도역류 진료 준비 카드 | 오누림","증상·약·검사 필요 여부를 묻기 위한 질문 카드입니다.","위식도역류 진료 준비 카드","1","https://www.biz2lab.com/health/tools/gerd-appointment-prep","200","true","","true","2026-08-26T00:00:00.000Z","69","0","0","1","3","3","16","1","[""Organization"",""WebSite""]","0","0","15","UNKNOWN","NOT_AVAILABLE","NOT_AVAILABLE","NOT_AVAILABLE","페이지 색인이 생성되지 않음: Google에는 아직 알려지지 않은 URL입니다.","해당사항 없음","해당사항 없음","해당사항 없음","감지된 참조 사이트맵이 없습니다.","감지된 페이지 없음","0","0","0","NOT_JOINED","Complete UI page tables; absent row = 0 reported impressions, not proof of zero demand. Query count only when exact page filter inspected.","DISCOVERED_NOT_INDEXED","ENRICH_THEN_INDEX","INDEX_UTILITY","P4","현재 약·불편 시점 준비와 답/추적 일정 칸 보강","PRODUCTION_BASELINE_WITH_UNAPPLIED_PLAN","2026-09-06"
"https://www.biz2lab.com/health/tools/gerd-everyday-patterns","/health/tools/gerd-everyday-patterns","tool","일상 패턴 관찰 체크 | 오누림","음식 금지표가 아니라 개인의 흐름을 기록하는 체크리스트입니다.","일상 패턴 관찰 체크","1","https://www.biz2lab.com/health/tools/gerd-everyday-patterns","200","true","","true","2026-08-26T00:00:00.000Z","62","0","0","1","3","3","16","1","[""Organization"",""WebSite""]","0","0","12","DISCOVERED_NOT_INDEXED","NOT_AVAILABLE","NOT_AVAILABLE","NOT_AVAILABLE","페이지 색인이 생성되지 않음: 발견됨 - 현재 색인이 생성되지 않음","해당사항 없음","해당사항 없음","해당사항 없음","https://www.biz2lab.com/sitemap.xml","감지된 페이지 없음","0","0","0","NOT_JOINED","Complete UI page tables; absent row = 0 reported impressions, not proof of zero demand. Query count only when exact page filter inspected.","DISCOVERED_NOT_INDEXED","NOINDEX_FOLLOW","NOINDEX_FOLLOW","P4","음식 금지표 아님을 유지; 시간 기록표로 연결","PRODUCTION_BASELINE_WITH_UNAPPLIED_PLAN","2026-09-06"
"https://www.biz2lab.com/health/tools/gerd-symptom-timing-log","/health/tools/gerd-symptom-timing-log","tool","역류 증상·시간 기록표 | 오누림","식사·자세·수면과 불편의 흐름을 적는 관찰표입니다.","역류 증상·시간 기록표","1","https://www.biz2lab.com/health/tools/gerd-symptom-timing-log","200","true","","true","2026-08-26T00:00:00.000Z","45","0","0","1","3","3","16","1","[""Organization"",""WebSite""]","0","0","11","INDEXED","2026. 8. 30. 오전 8:51:44","https://www.biz2lab.com/health/tools/gerd-symptom-timing-log","https://www.biz2lab.com/health/tools/gerd-symptom-timing-log","URL이 Google에 등록되어 있음","예","성공","예","https://www.biz2lab.com/sitemap.xml","감지된 페이지 없음","0","0","0","NOT_JOINED","Complete UI page tables; absent row = 0 reported impressions, not proof of zero demand. Query count only when exact page filter inspected.","DISCOVERED_NOT_INDEXED","INDEX_UTILITY","INDEX_UTILITY","P4","식사-자세-불편 순서 예시; 흉통 자기진단 금지 경계","PRODUCTION_BASELINE_WITH_UNAPPLIED_PLAN","2026-09-06"
"https://www.biz2lab.com/health/tools/glucose-observation-log","/health/tools/glucose-observation-log","tool","혈당 관찰 기록표 | 오누림","이미 측정 중인 사람이 숫자와 생활 맥락을 함께 적는 기록지입니다.","혈당 관찰 기록표","1","https://www.biz2lab.com/health/tools/glucose-observation-log","200","true","","true","2026-08-26T00:00:00.000Z","48","0","0","1","3","3","16","1","[""Organization"",""WebSite""]","0","0","19","DISCOVERED_NOT_INDEXED","NOT_AVAILABLE","NOT_AVAILABLE","NOT_AVAILABLE","페이지 색인이 생성되지 않음: 발견됨 - 현재 색인이 생성되지 않음","해당사항 없음","해당사항 없음","해당사항 없음","https://www.biz2lab.com/sitemap.xml","https://www.biz2lab.com/","0","0","0","NOT_JOINED","Complete UI page tables; absent row = 0 reported impressions, not proof of zero demand. Query count only when exact page filter inspected.","DISCOVERED_NOT_INDEXED","INDEX_UTILITY","INDEX_UTILITY","P4","측정 계획을 새로 지시하지 않는 작성 예시와 HbA1c 차이 링크","PRODUCTION_BASELINE_WITH_UNAPPLIED_PLAN","2026-09-06"
"https://www.biz2lab.com/health/tools/gout-visit-card","/health/tools/gout-visit-card","tool","통풍 관찰·진료 질문 카드 | 오누림","개인 진단 대신 증상 흐름과 의료진에게 물을 내용을 한 장에 정리합니다.","통풍 관찰·진료 질문 카드","1","https://www.biz2lab.com/health/tools/gout-visit-card","200","true","","true","2026-08-26T00:00:00.000Z","66","0","0","1","3","3","16","1","[""Organization"",""WebSite""]","0","0","21","DISCOVERED_NOT_INDEXED","NOT_AVAILABLE","NOT_AVAILABLE","NOT_AVAILABLE","페이지 색인이 생성되지 않음: 발견됨 - 현재 색인이 생성되지 않음","해당사항 없음","해당사항 없음","해당사항 없음","https://www.biz2lab.com/sitemap.xml","감지된 페이지 없음","0","0","0","NOT_JOINED","Complete UI page tables; absent row = 0 reported impressions, not proof of zero demand. Query count only when exact page filter inspected.","DISCOVERED_NOT_INDEXED","ENRICH_THEN_INDEX","INDEX_UTILITY","P4","관절/시각/발열 필드 표시; 뜨겁고 붓는 관절을 통풍으로 확정 금지","PRODUCTION_BASELINE_WITH_UNAPPLIED_PLAN","2026-09-06"
"https://www.biz2lab.com/health/tools/irritable-bowel-syndrome-visit-card","/health/tools/irritable-bowel-syndrome-visit-card","tool","과민성장증후군 관찰·진료 질문 카드 | 오누림","개인 진단 대신 증상 흐름과 의료진에게 물을 내용을 한 장에 정리합니다.","과민성장증후군 관찰·진료 질문 카드","1","https://www.biz2lab.com/health/tools/irritable-bowel-syndrome-visit-card","200","true","","true","2026-08-26T00:00:00.000Z","64","0","0","1","3","3","16","1","[""Organization"",""WebSite""]","0","0","12","DISCOVERED_NOT_INDEXED","NOT_AVAILABLE","NOT_AVAILABLE","NOT_AVAILABLE","페이지 색인이 생성되지 않음: 발견됨 - 현재 색인이 생성되지 않음","해당사항 없음","해당사항 없음","해당사항 없음","https://www.biz2lab.com/sitemap.xml","감지된 페이지 없음","0","0","0","NOT_JOINED","Complete UI page tables; absent row = 0 reported impressions, not proof of zero demand. Query count only when exact page filter inspected.","DISCOVERED_NOT_INDEXED","ENRICH_THEN_INDEX","INDEX_UTILITY","P4","배변 흐름 필드 표시; 무리한 음식 제한을 피할 질문 설명","PRODUCTION_BASELINE_WITH_UNAPPLIED_PLAN","2026-09-06"
"https://www.biz2lab.com/health/tools/metabolic-dysfunction-associated-steatotic-liver-disease-visit-card","/health/tools/metabolic-dysfunction-associated-steatotic-liver-disease-visit-card","tool","지방간(MASLD) 관찰·진료 질문 카드 | 오누림","개인 진단 대신 증상 흐름과 의료진에게 물을 내용을 한 장에 정리합니다.","지방간(MASLD) 관찰·진료 질문 카드","1","https://www.biz2lab.com/health/tools/metabolic-dysfunction-associated-steatotic-liver-disease-visit-card","200","true","","true","2026-08-26T00:00:00.000Z","63","0","0","1","3","3","16","1","[""Organization"",""WebSite""]","0","0","13","INDEXED","2026. 9. 6. 오전 1:54:19","https://www.biz2lab.com/health/tools/metabolic-dysfunction-associated-steatotic-liver-disease-visit-card","https://www.biz2lab.com/health/tools/metabolic-dysfunction-associated-steatotic-liver-disease-visit-card","URL이 Google에 등록되어 있음","예","성공","예","https://www.biz2lab.com/sitemap.xml","https://www.biz2lab.com/","0","0","0","NOT_JOINED","Complete UI page tables; absent row = 0 reported impressions, not proof of zero demand. Query count only when exact page filter inspected.","DISCOVERED_NOT_INDEXED","ENRICH_THEN_INDEX","INDEX_UTILITY","P4","검사 날짜·결과 문구 필드 표시; 간수치 자가판정 금지","PRODUCTION_BASELINE_WITH_UNAPPLIED_PLAN","2026-09-06"
"https://www.biz2lab.com/health/tools/migraine-visit-card","/health/tools/migraine-visit-card","tool","편두통 관찰·진료 질문 카드 | 오누림","개인 진단 대신 증상 흐름과 의료진에게 물을 내용을 한 장에 정리합니다.","편두통 관찰·진료 질문 카드","1","https://www.biz2lab.com/health/tools/migraine-visit-card","200","true","","true","2026-08-26T00:00:00.000Z","64","0","0","1","3","3","16","1","[""Organization"",""WebSite""]","0","0","11","DISCOVERED_NOT_INDEXED","NOT_AVAILABLE","NOT_AVAILABLE","NOT_AVAILABLE","페이지 색인이 생성되지 않음: 발견됨 - 현재 색인이 생성되지 않음","해당사항 없음","해당사항 없음","해당사항 없음","https://www.biz2lab.com/sitemap.xml","감지된 페이지 없음","0","0","0","NOT_JOINED","Complete UI page tables; absent row = 0 reported impressions, not proof of zero demand. Query count only when exact page filter inspected.","DISCOVERED_NOT_INDEXED","ENRICH_THEN_INDEX","INDEX_UTILITY","P4","기존 필드와 약 사용일 기록 안내; 첫 신경 증상은 자가 전조 판정 금지","PRODUCTION_BASELINE_WITH_UNAPPLIED_PLAN","2026-09-06"
"https://www.biz2lab.com/health/tools/oa-daily-activity-log","/health/tools/oa-daily-activity-log","tool","관절 일상 변화 기록표 | 오누림","활동 전후의 관절 변화와 일상 영향을 적는 관찰표입니다.","관절 일상 변화 기록표","1","https://www.biz2lab.com/health/tools/oa-daily-activity-log","200","true","","true","2026-08-26T00:00:00.000Z","46","0","0","1","3","3","16","1","[""Organization"",""WebSite""]","0","0","30","DISCOVERED_NOT_INDEXED","NOT_AVAILABLE","NOT_AVAILABLE","NOT_AVAILABLE","페이지 색인이 생성되지 않음: 발견됨 - 현재 색인이 생성되지 않음","해당사항 없음","해당사항 없음","해당사항 없음","https://www.biz2lab.com/sitemap.xml","감지된 페이지 없음","0","0","0","NOT_JOINED","Complete UI page tables; absent row = 0 reported impressions, not proof of zero demand. Query count only when exact page filter inspected.","DISCOVERED_NOT_INDEXED","INDEX_UTILITY","INDEX_UTILITY","P4","활동 사실 예시; 열감·붓기 있을 때 기록 때문에 진료 지연 금지","PRODUCTION_BASELINE_WITH_UNAPPLIED_PLAN","2026-09-06"
"https://www.biz2lab.com/health/tools/oa-family-support","/health/tools/oa-family-support","tool","관절 불편 가족 지원 체크 | 오누림","속도를 재촉하지 않고 일상 지원과 질문 준비를 돕는 체크리스트입니다.","관절 불편 가족 지원 체크","1","https://www.biz2lab.com/health/tools/oa-family-support","200","true","","true","2026-08-26T00:00:00.000Z","61","0","0","1","3","3","16","1","[""Organization"",""WebSite""]","0","0","32","DISCOVERED_NOT_INDEXED","NOT_AVAILABLE","NOT_AVAILABLE","NOT_AVAILABLE","페이지 색인이 생성되지 않음: 발견됨 - 현재 색인이 생성되지 않음","해당사항 없음","해당사항 없음","해당사항 없음","https://www.biz2lab.com/sitemap.xml","감지된 페이지 없음","0","0","0","NOT_JOINED","Complete UI page tables; absent row = 0 reported impressions, not proof of zero demand. Query count only when exact page filter inspected.","DISCOVERED_NOT_INDEXED","NOINDEX_FOLLOW","NOINDEX_FOLLOW","P4","지원 원칙 유지; 일상 기록표와 부모 글 연결","PRODUCTION_BASELINE_WITH_UNAPPLIED_PLAN","2026-09-06"
"https://www.biz2lab.com/health/tools/oa-visit-questions","/health/tools/oa-visit-questions","tool","골관절염 진료 질문 카드 | 오누림","원인 확인과 개인별 활동·치료 선택을 묻기 위한 질문 카드입니다.","골관절염 진료 질문 카드","1","https://www.biz2lab.com/health/tools/oa-visit-questions","200","true","","true","2026-08-26T00:00:00.000Z","69","0","0","1","3","3","16","1","[""Organization"",""WebSite""]","0","0","180","DISCOVERED_NOT_INDEXED","NOT_AVAILABLE","NOT_AVAILABLE","NOT_AVAILABLE","페이지 색인이 생성되지 않음: 발견됨 - 현재 색인이 생성되지 않음","해당사항 없음","해당사항 없음","해당사항 없음","https://www.biz2lab.com/sitemap.xml","감지된 페이지 없음","0","0","0","NOT_JOINED","Complete UI page tables; absent row = 0 reported impressions, not proof of zero demand. Query count only when exact page filter inspected.","DISCOVERED_NOT_INDEXED","ENRICH_THEN_INDEX","INDEX_UTILITY","P4","활동 사례와 개인 목표/답/다음 계획 칸 보강","PRODUCTION_BASELINE_WITH_UNAPPLIED_PLAN","2026-09-06"
"https://www.biz2lab.com/health/tools/obesity-visit-card","/health/tools/obesity-visit-card","tool","비만 관찰·진료 질문 카드 | 오누림","개인 진단 대신 증상 흐름과 의료진에게 물을 내용을 한 장에 정리합니다.","비만 관찰·진료 질문 카드","1","https://www.biz2lab.com/health/tools/obesity-visit-card","200","true","","true","2026-08-26T00:00:00.000Z","68","0","0","1","3","3","16","1","[""Organization"",""WebSite""]","0","0","19","DISCOVERED_NOT_INDEXED","NOT_AVAILABLE","NOT_AVAILABLE","NOT_AVAILABLE","페이지 색인이 생성되지 않음: 발견됨 - 현재 색인이 생성되지 않음","해당사항 없음","해당사항 없음","해당사항 없음","https://www.biz2lab.com/sitemap.xml","감지된 페이지 없음","0","0","0","NOT_JOINED","Complete UI page tables; absent row = 0 reported impressions, not proof of zero demand. Query count only when exact page filter inspected.","DISCOVERED_NOT_INDEXED","NOINDEX_FOLLOW","NOINDEX_FOLLOW","P4","필드 렌더링 복구와 고유 설명; 본문 보조 출력물로 유지","PRODUCTION_BASELINE_WITH_UNAPPLIED_PLAN","2026-09-06"
"https://www.biz2lab.com/health/tools/osteoporosis-appointment-prep","/health/tools/osteoporosis-appointment-prep","tool","골다공증 진료 준비표 | 오누림","골절·낙상·복용 약과 검사 질문을 정리하는 준비표입니다.","골다공증 진료 준비표","1","https://www.biz2lab.com/health/tools/osteoporosis-appointment-prep","200","true","","true","2026-08-26T00:00:00.000Z","67","0","0","1","3","3","16","1","[""Organization"",""WebSite""]","0","0","16","UNKNOWN","NOT_AVAILABLE","NOT_AVAILABLE","NOT_AVAILABLE","페이지 색인이 생성되지 않음: Google에는 아직 알려지지 않은 URL입니다.","해당사항 없음","해당사항 없음","해당사항 없음","감지된 참조 사이트맵이 없습니다.","감지된 페이지 없음","0","0","0","NOT_JOINED","Complete UI page tables; absent row = 0 reported impressions, not proof of zero demand. Query count only when exact page filter inspected.","DISCOVERED_NOT_INDEXED","ENRICH_THEN_INDEX","INDEX_UTILITY","P4","결과지·과거 골절 준비칸과 다음 계획 기록 보강","PRODUCTION_BASELINE_WITH_UNAPPLIED_PLAN","2026-09-06"
"https://www.biz2lab.com/health/tools/osteoporosis-terms","/health/tools/osteoporosis-terms","tool","골밀도 검사 용어 한 장 | 오누림","골밀도 검사와 결과 해석의 경계를 구분하는 안내입니다.","골밀도 검사 용어 한 장","1","https://www.biz2lab.com/health/tools/osteoporosis-terms","200","true","","true","2026-08-26T00:00:00.000Z","76","0","0","1","3","3","16","1","[""Organization"",""WebSite""]","0","0","11","INDEXED","2026. 9. 6. 오전 4:06:54","https://www.biz2lab.com/health/tools/osteoporosis-terms","https://www.biz2lab.com/health/tools/osteoporosis-terms","URL이 Google에 등록되어 있음","예","성공","예","일시적인 처리 오류","감지된 페이지 없음","0","0","0","NOT_JOINED","Complete UI page tables; absent row = 0 reported impressions, not proof of zero demand. Query count only when exact page filter inspected.","DISCOVERED_NOT_INDEXED","NOINDEX_FOLLOW","NOINDEX_FOLLOW","P4","부모 검사 해설을 검색 도착점으로; 요약 출력 접근 유지","PRODUCTION_BASELINE_WITH_UNAPPLIED_PLAN","2026-09-06"
"https://www.biz2lab.com/health/tools/sleep-apnea-visit-card","/health/tools/sleep-apnea-visit-card","tool","수면무호흡증 관찰·진료 질문 카드 | 오누림","개인 진단 대신 증상 흐름과 의료진에게 물을 내용을 한 장에 정리합니다.","수면무호흡증 관찰·진료 질문 카드","1","https://www.biz2lab.com/health/tools/sleep-apnea-visit-card","200","true","","true","2026-08-26T00:00:00.000Z","64","0","0","1","3","3","16","1","[""Organization"",""WebSite""]","0","0","23","DISCOVERED_NOT_INDEXED","NOT_AVAILABLE","NOT_AVAILABLE","NOT_AVAILABLE","페이지 색인이 생성되지 않음: 발견됨 - 현재 색인이 생성되지 않음","해당사항 없음","해당사항 없음","해당사항 없음","https://www.biz2lab.com/sitemap.xml","감지된 페이지 없음","0","0","0","NOT_JOINED","Complete UI page tables; absent row = 0 reported impressions, not proof of zero demand. Query count only when exact page filter inspected.","DISCOVERED_NOT_INDEXED","ENRICH_THEN_INDEX","INDEX_UTILITY","P4","관찰 주체/시간 필드 보강; 기기·자가검사 진단 금지","PRODUCTION_BASELINE_WITH_UNAPPLIED_PLAN","2026-09-06"
"https://www.biz2lab.com/health/tools/stroke-visit-card","/health/tools/stroke-visit-card","tool","뇌졸중 관찰·진료 질문 카드 | 오누림","개인 진단 대신 증상 흐름과 의료진에게 물을 내용을 한 장에 정리합니다.","뇌졸중 관찰·진료 질문 카드","1","https://www.biz2lab.com/health/tools/stroke-visit-card","200","true","","true","2026-08-26T00:00:00.000Z","67","0","0","1","3","3","16","1","[""Organization"",""WebSite""]","0","0","12","DISCOVERED_NOT_INDEXED","NOT_AVAILABLE","NOT_AVAILABLE","NOT_AVAILABLE","페이지 색인이 생성되지 않음: 발견됨 - 현재 색인이 생성되지 않음","해당사항 없음","해당사항 없음","해당사항 없음","https://www.biz2lab.com/sitemap.xml","감지된 페이지 없음","0","0","0","NOT_JOINED","Complete UI page tables; absent row = 0 reported impressions, not proof of zero demand. Query count only when exact page filter inspected.","DISCOVERED_NOT_INDEXED","NOINDEX_FOLLOW","NOINDEX_FOLLOW","P4","119 먼저 보이게 분리; 완료 기다리지 않음; 부모 응급 안내로 연결","PRODUCTION_BASELINE_WITH_UNAPPLIED_PLAN","2026-09-06"
"https://www.biz2lab.com/health/trust/advertising","/health/trust/advertising","trust","광고 정책 | 오누림","광고가 콘텐츠의 결론, 질환 선정 또는 출처 판단을 바꾸지 않도록 편집과 광고를 분리합니다.","광고 정책","1","https://www.biz2lab.com/health/trust/advertising","200","true","","true","2026-07-26T00:00:00.000Z","61","0","0","0","76","0","14","1","[""Organization"",""WebSite""]","0","0","11","INDEXED","2026. 8. 30. 오후 9:51:24","https://www.biz2lab.com/health/trust/advertising","https://www.biz2lab.com/health/trust/advertising","URL이 Google에 등록되어 있음","예","성공","예","https://www.biz2lab.com/sitemap.xml","감지된 페이지 없음","0","0","0","NOT_JOINED","Complete UI page tables; absent row = 0 reported impressions, not proof of zero demand. Query count only when exact page filter inspected.","DISCOVERED_NOT_INDEXED","NOINDEX_FOLLOW","NOINDEX_FOLLOW","P5","footer에서 유지; AdSense 코드나 설정 변경 없음","PRODUCTION_BASELINE_WITH_UNAPPLIED_PLAN","2026-09-06"
"https://www.biz2lab.com/health/trust/author","/health/trust/author","trust","박영훈 | 비의료인 건강정보 편집자 | 오누림","공공기관과 의료기관의 환자용 자료를 일반인이 이해하기 쉬운 말과 그림, 기록표와 질문 도구로 다시 정리합니다.","박영훈 | 비의료인 건강정보 편집자","1","https://www.biz2lab.com/health/trust/author","200","true","","true","2026-07-26T00:00:00.000Z","70","0","0","0","76","0","14","1","[""Organization"",""WebSite""]","0","0","12","DISCOVERED_NOT_INDEXED","NOT_AVAILABLE","NOT_AVAILABLE","NOT_AVAILABLE","페이지 색인이 생성되지 않음: 발견됨 - 현재 색인이 생성되지 않음","해당사항 없음","해당사항 없음","해당사항 없음","https://www.biz2lab.com/sitemap.xml","https://www.biz2lab.com/sitemap.xml","0","0","0","NOT_JOINED","Complete UI page tables; absent row = 0 reported impressions, not proof of zero demand. Query count only when exact page filter inspected.","DISCOVERED_NOT_INDEXED","INDEX_UTILITY","INDEX_UTILITY","P5","truthful Person/ProfilePage; 실제 자격을 추가하지 않음","PRODUCTION_BASELINE_WITH_UNAPPLIED_PLAN","2026-09-06"
"https://www.biz2lab.com/health/trust/contact","/health/trust/contact","trust","문의 | 오누림","현재 공개 문의와 정정 제보는 실제 운영 중인 Biz2Lab GitHub Issues를 이용합니다.","문의","1","https://www.biz2lab.com/health/trust/contact","200","true","","true","2026-07-26T00:00:00.000Z","63","0","0","0","0","0","15","UNREACHABLE","[""Organization"",""WebSite""]","0","0","10","DISCOVERED_NOT_INDEXED","NOT_AVAILABLE","NOT_AVAILABLE","NOT_AVAILABLE","페이지 색인이 생성되지 않음: 발견됨 - 현재 색인이 생성되지 않음","해당사항 없음","해당사항 없음","해당사항 없음","https://www.biz2lab.com/sitemap.xml","감지된 페이지 없음","0","0","0","NOT_JOINED","Complete UI page tables; absent row = 0 reported impressions, not proof of zero demand. Query count only when exact page filter inspected.","DISCOVERED_NOT_INDEXED","NOINDEX_FOLLOW","NOINDEX_FOLLOW","P5","정정 정책과 실제 Issues 링크 연결; 메일 활성화 없음","PRODUCTION_BASELINE_WITH_UNAPPLIED_PLAN","2026-09-06"
"https://www.biz2lab.com/health/trust/corrections-policy","/health/trust/corrections-policy","trust","정정 정책 | 오누림","사실 오류, 출처 문제와 오해를 부르는 표현을 실제 공개 GitHub Issues에서 접수하고 변경 이유를 기록합니다.","정정 정책","1","https://www.biz2lab.com/health/trust/corrections-policy","200","true","","true","2026-07-26T00:00:00.000Z","78","0","0","0","76","2","14","1","[""Organization"",""WebSite""]","0","0","18","INDEXED","2026. 9. 6. 오전 4:06:22","https://www.biz2lab.com/health/trust/corrections-policy","https://www.biz2lab.com/health/trust/corrections-policy","URL이 Google에 등록되어 있음","예","성공","예","https://www.biz2lab.com/sitemap.xml","https://www.biz2lab.com/health/tools/urinary-tract-infection-visit-card","0","0","0","NOT_JOINED","Complete UI page tables; absent row = 0 reported impressions, not proof of zero demand. Query count only when exact page filter inspected.","DISCOVERED_NOT_INDEXED","INDEX_UTILITY","INDEX_UTILITY","P5","실제 GitHub Issues 링크; 개인정보 미수집 원칙","PRODUCTION_BASELINE_WITH_UNAPPLIED_PLAN","2026-09-06"
"https://www.biz2lab.com/health/trust/disclaimer","/health/trust/disclaimer","trust","면책 안내 | 오누림","오누림의 내용은 일반적인 건강정보 교육용이며 개인 의료상담을 대신하지 않습니다.","면책 안내","1","https://www.biz2lab.com/health/trust/disclaimer","200","true","","true","2026-07-26T00:00:00.000Z","68","0","0","0","76","0","14","1","[""Organization"",""WebSite""]","0","0","17","DISCOVERED_NOT_INDEXED","NOT_AVAILABLE","NOT_AVAILABLE","NOT_AVAILABLE","페이지 색인이 생성되지 않음: 발견됨 - 현재 색인이 생성되지 않음","해당사항 없음","해당사항 없음","해당사항 없음","https://www.biz2lab.com/sitemap.xml","https://www.biz2lab.com/health/tools/blood-pressure-warning","0","0","0","NOT_JOINED","Complete UI page tables; absent row = 0 reported impressions, not proof of zero demand. Query count only when exact page filter inspected.","DISCOVERED_NOT_INDEXED","NOINDEX_FOLLOW","NOINDEX_FOLLOW","P5","footer와 관련 정책 링크 유지; 삭제 아님","PRODUCTION_BASELINE_WITH_UNAPPLIED_PLAN","2026-09-06"
"https://www.biz2lab.com/health/trust/editorial-policy","/health/trust/editorial-policy","trust","편집 정책 | 오누림","짧은 설명, 더 깊은 이해, 바로 쓸 행동 도구의 순서로 건강정보를 구성합니다.","편집 정책","1","https://www.biz2lab.com/health/trust/editorial-policy","200","true","","true","2026-07-26T00:00:00.000Z","62","0","0","0","0","0","15","UNREACHABLE","[""Organization"",""WebSite""]","0","0","18","INDEXED","2026. 8. 30. 오전 9:32:23","https://www.biz2lab.com/health/trust/editorial-policy","https://www.biz2lab.com/health/trust/editorial-policy","URL이 Google에 등록되어 있음","예","성공","예","https://www.biz2lab.com/sitemap.xml","감지된 페이지 없음","0","0","0","NOT_JOINED","Complete UI page tables; absent row = 0 reported impressions, not proof of zero demand. Query count only when exact page filter inspected.","DISCOVERED_NOT_INDEXED","ENRICH_THEN_INDEX","INDEX_UTILITY","P5","순차 검증과 날짜 갱신 원칙; 다른 정책 링크","PRODUCTION_BASELINE_WITH_UNAPPLIED_PLAN","2026-09-06"
"https://www.biz2lab.com/health/trust/medical-review-policy","/health/trust/medical-review-policy","trust","의료 검토 정책 | 오누림","공식 출처 확인은 면허 의료인 검수와 같지 않습니다.","의료 검토 정책","1","https://www.biz2lab.com/health/trust/medical-review-policy","200","true","","true","2026-07-26T00:00:00.000Z","99","0","0","0","0","0","15","UNREACHABLE","[""Organization"",""WebSite""]","0","0","16","DISCOVERED_NOT_INDEXED","NOT_AVAILABLE","NOT_AVAILABLE","NOT_AVAILABLE","페이지 색인이 생성되지 않음: 발견됨 - 현재 색인이 생성되지 않음","해당사항 없음","해당사항 없음","해당사항 없음","https://www.biz2lab.com/sitemap.xml","감지된 페이지 없음","0","0","0","NOT_JOINED","Complete UI page tables; absent row = 0 reported impressions, not proof of zero demand. Query count only when exact page filter inspected.","DISCOVERED_NOT_INDEXED","NOINDEX_FOLLOW","NOINDEX_FOLLOW","P5","검수 미완료 47 Claim 패킷 사실 보존; 모든 가이드에서 접근 가능","PRODUCTION_BASELINE_WITH_UNAPPLIED_PLAN","2026-09-06"
"https://www.biz2lab.com/health/trust/privacy","/health/trust/privacy","trust","개인정보 안내 | 오누림","건강 도구는 입력값을 서버에 전송하거나 저장하지 않는 브라우저·인쇄용 양식입니다.","개인정보 안내","1","https://www.biz2lab.com/health/trust/privacy","200","true","","true","2026-07-26T00:00:00.000Z","140","0","0","0","76","0","14","1","[""Organization"",""WebSite""]","0","0","19","INDEXED","2026. 8. 30. 오후 8:35:15","https://www.biz2lab.com/health/trust/privacy","https://www.biz2lab.com/health/trust/privacy","URL이 Google에 등록되어 있음","예","성공","예","https://www.biz2lab.com/sitemap.xml","https://www.biz2lab.com/health/tools/family-support-checklist","0","0","0","NOT_JOINED","Complete UI page tables; absent row = 0 reported impressions, not proof of zero demand. Query count only when exact page filter inspected.","DISCOVERED_NOT_INDEXED","INDEX_UTILITY","INDEX_UTILITY","P5","현재 Google 측정/광고와 입력 미전송 사실 보존; 정책 링크 확인","PRODUCTION_BASELINE_WITH_UNAPPLIED_PLAN","2026-09-06"
"https://www.biz2lab.com/health/trust/terms","/health/trust/terms","trust","이용약관 | 오누림","오누림 자료는 개인의 일반 건강교육과 진료 질문 준비를 위한 정보입니다.","이용약관","1","https://www.biz2lab.com/health/trust/terms","200","true","","true","2026-07-26T00:00:00.000Z","61","0","0","0","76","0","14","1","[""Organization"",""WebSite""]","0","0","12","DISCOVERED_NOT_INDEXED","NOT_AVAILABLE","NOT_AVAILABLE","NOT_AVAILABLE","페이지 색인이 생성되지 않음: 발견됨 - 현재 색인이 생성되지 않음","해당사항 없음","해당사항 없음","해당사항 없음","https://www.biz2lab.com/sitemap.xml","감지된 페이지 없음","0","0","0","NOT_JOINED","Complete UI page tables; absent row = 0 reported impressions, not proof of zero demand. Query count only when exact page filter inspected.","DISCOVERED_NOT_INDEXED","NOINDEX_FOLLOW","NOINDEX_FOLLOW","P5","footer에서 지속 접근; 법률 내용 실질 변경 없음","PRODUCTION_BASELINE_WITH_UNAPPLIED_PLAN","2026-09-06"
"https://www.biz2lab.com/health/type-2-diabetes","/health/type-2-diabetes","disease","제2형 당뇨병, 한 번의 숫자보다 흐름 보기 | 오누림","혈당과 인슐린의 기본 관계, 검사 용어, 안전한 관찰 기록과 가족의 도움을 쉬운 말로 정리합니다.","제2형 당뇨병, 한 번의 숫자보다 흐름 보기","1","https://www.biz2lab.com/health/type-2-diabetes","200","true","","true","2026-08-26T00:00:00.000Z","594","7","4","4","6","2","19","1","[""Organization"",""WebSite"",""Article""]","0","0","29","INDEXED","2026. 9. 5. 오후 7:32:43","https://www.biz2lab.com/health/type-2-diabetes","https://www.biz2lab.com/health/type-2-diabetes","URL이 Google에 등록되어 있음","예","성공","예","https://www.biz2lab.com/sitemap.xml","감지된 페이지 없음","0","0","0","NOT_JOINED","Complete UI page tables; absent row = 0 reported impressions, not proof of zero demand. Query count only when exact page filter inspected.","DISCOVERED_NOT_INDEXED","INDEX_PRIMARY","INDEX_PRIMARY","P2","페이지별 순차 개선·출처 대조·12개 인증 기준 QA","PRODUCTION_BASELINE_WITH_UNAPPLIED_PLAN","2026-09-06"
"https://www.biz2lab.com/health/urinary-tract-infection","/health/urinary-tract-infection","disease","요로감염 | 오누림","소변 볼 때 불편하면 모두 같은 감염인지, 언제 콩팥 쪽 감염을 의심해 빨리 진료받아야 하는지 설명합니다.","요로감염","1","https://www.biz2lab.com/health/urinary-tract-infection","200","true","","true","2026-08-26T00:00:00.000Z","377","3","5","1","3","2","16","1","[""Organization"",""WebSite"",""Article""]","0","0","18","DISCOVERED_NOT_INDEXED","NOT_AVAILABLE","NOT_AVAILABLE","NOT_AVAILABLE","페이지 색인이 생성되지 않음: 발견됨 - 현재 색인이 생성되지 않음","해당사항 없음","해당사항 없음","해당사항 없음","https://www.biz2lab.com/sitemap.xml","감지된 페이지 없음","0","0","0","NOT_JOINED","Complete UI page tables; absent row = 0 reported impressions, not proof of zero demand. Query count only when exact page filter inspected.","DISCOVERED_NOT_INDEXED","INDEX_PRIMARY","INDEX_PRIMARY","P2","페이지별 순차 개선·출처 대조·12개 인증 기준 QA","PRODUCTION_BASELINE_WITH_UNAPPLIED_PLAN","2026-09-06"
