"delta_id","route","current_concept","risk","source_ids","checked_at","verification","licensed_review","original_47_packet"
"SEO2-DEP-01","/health/depression","임박위험·이미다침·현재안전곤란119; 경찰보호필요112;109예약대기금지","P0_EMERGENCY","SRC-NIMH-SUICIDE-FAQ|SRC-WHO-DEPRESSION|SRC-EASYLAW-EMERGENCY-NUMBERS|SRC-MOHW-109-SERVICE","2026-09-06","PRIMARY_SOURCE_CROSSCHECK_KOREAN_EMERGENCY_LOCALIZATION","NOT_COMPLETED","UNCHANGED"
"SEO2-DEP-02","/health/depression","직접자살생각묻기·혼자두지않기·비밀약속금지·가족혼자제압금지","P0_EMERGENCY","SRC-NIMH-SUICIDE-HELP-STEPS|SRC-NIMH-SUICIDE-FAQ|SRC-EASYLAW-EMERGENCY-NUMBERS","2026-09-06","EDUCATIONAL_SAFETY_BOUNDARY_NOT_RESTRAINT_INSTRUCTIONS","NOT_COMPLETED","UNCHANGED"
"SEO2-DEP-03","/health/depression","10924h·비밀예외·즉시연결보장아님·긴급구조선행절차아님","P0_EMERGENCY","SRC-MOHW-109-SERVICE|SRC-MOHW-109|SRC-NIMH-SUICIDE-FAQ","2026-09-06","OFFICIAL_SERVICE_PAGE_ONLY_NO_CALL_TEST","NOT_COMPLETED","UNCHANGED"
"SEO2-DEP-04","/health/depression","비판없는경청과도움선택·대화표는편집예시임상대본아님","P1_CLINICAL","SRC-NIMH-DEPRESSION|SRC-NIMH-SUICIDE-HELP-STEPS|SRC-NIMH-SUICIDE-FAQ","2026-09-06","SOURCE_PRINCIPLE_EDITORIAL_EXAMPLE_NOT_VALIDATED_SCRIPT","NOT_COMPLETED","UNCHANGED"
"SEO2-DEP-05","/health/depression","복합요인·생활변화·모두같은증상아님·뇌화학단일원인아님","P1_CLINICAL","SRC-WHO-DEPRESSION|SRC-NIMH-DEPRESSION|SRC-KDCA-DEPRESSIVE-MOOD","2026-09-06","PRIMARY_SOURCE_CROSSCHECK","NOT_COMPLETED","UNCHANGED"
"SEO2-DEP-06","/health/depression","2주점수기다리지않음·설문≠진단·신체약물등다른원인평가","P1_CLINICAL","SRC-NIMH-DEPRESSION|SRC-KDCA-DEPRESSIVE-MOOD|SRC-WHO-DEPRESSION","2026-09-06","DIRECT_SECTION_SOURCES_ADDED_ORIGINAL_003_004_PRESERVED","NOT_COMPLETED","UNCHANGED"
"SEO2-DEP-07","/health/depression","치료개별화·약시작변경후악화즉시연락·자가중단증감금지·보충제상담","P1_MEDICATION","SRC-NIMH-DEPRESSION|SRC-WHO-DEPRESSION|SRC-NIMH-SUICIDE-FAQ","2026-09-06","PRIMARY_SOURCE_CROSSCHECK_NO_REGIMEN","NOT_COMPLETED","UNCHANGED"
"SEO2-DEP-08","/health/depression","생활지원≠치료대체·지속연락·위기계획전문가와·가족책임독점금지","P1_CLINICAL","SRC-NIMH-DEPRESSION|SRC-WHO-DEPRESSION|SRC-NIMH-SUICIDE-HELP-STEPS|SRC-NIMH-SUICIDE-FAQ","2026-09-06","PRIMARY_SOURCE_CROSSCHECK","NOT_COMPLETED","UNCHANGED"

