"url","route","page_type","decision","target_decision","independent_task","overlap","required_action","decision_basis","production_applied","certification","current_gsc_status","standalone_usage_gap","baseline_observed_date","baseline_unique_title","baseline_unique_description","baseline_official_source_links","baseline_body_words","baseline_content_inlinks","local_certified","local_qa_observed_at","local_qa_indexable","local_qa_sitemap_present","local_qa_source_links","local_qa_body_words","local_qa_internal_outlinks","local_content_inlinks","local_unique_title","local_unique_description","local_qa_evidence"
"https://www.biz2lab.com/","/","home","INDEX_PRIMARY","INDEX_PRIMARY","질환별 이해·적절한 도움·진료 준비 또는 이를 찾는 주제 허브","개별 dossier에서 검증","페이지별 순차 개선·출처 대조·12개 인증 기준 QA","INTERNAL_HEURISTIC","NO","PENDING","INDEXED","도구 질문 해당 없음","2026-09-06","True","True","0","1117","0","False","NOT_AUDITED","NOT_AUDITED","NOT_AUDITED","NOT_AUDITED","NOT_AUDITED","NOT_AUDITED","NOT_AUDITED","NOT_AUDITED","NOT_AUDITED","NOT_AVAILABLE"
"https://www.biz2lab.com/health","/health","hub","INDEX_PRIMARY","INDEX_PRIMARY","질환별 이해·적절한 도움·진료 준비 또는 이를 찾는 주제 허브","개별 dossier에서 검증","페이지별 순차 개선·출처 대조·12개 인증 기준 QA","INTERNAL_HEURISTIC","NO","PENDING","INDEXED","도구 질문 해당 없음","2026-09-06","True","True","0","1117","0","False","NOT_AUDITED","NOT_AUDITED","NOT_AUDITED","NOT_AUDITED","NOT_AUDITED","NOT_AUDITED","NOT_AUDITED","NOT_AUDITED","NOT_AUDITED","NOT_AVAILABLE"
"https://www.biz2lab.com/health/acute-myocardial-infarction","/health/acute-myocardial-infarction","disease","INDEX_PRIMARY","INDEX_PRIMARY","심한통증·지속시간을기다리지않는119행동과검사이해","신고망설임비교·관상동맥심정지구분·심전도트로포닌역할표","독립 출처 대조·5폭QA·12개 인증 통과; 임상검수 아님","INTERNAL_HEURISTIC","NO","SEO_PAGE_CERTIFIED","DISCOVERED_NOT_INDEXED","도구 질문 해당 없음","2026-09-06","True","True","2","365","2","True","2026-09-06 오전 10:09:39","True","True","8","1327","20","NOT_AUDITED","NOT_AUDITED","NOT_AUDITED","reports/local/onurim-seo-v2/acute-myocardial-infarction/seo-audit.json"
"https://www.biz2lab.com/health/allergic-rhinitis","/health/allergic-rhinitis","disease","INDEX_PRIMARY","INDEX_PRIMARY","질환별 이해·적절한 도움·진료 준비 또는 이를 찾는 주제 허브","개별 dossier에서 검증","페이지별 순차 개선·출처 대조·12개 인증 기준 QA","INTERNAL_HEURISTIC","NO","SEO_PAGE_CERTIFIED","INDEXED","도구 질문 해당 없음","2026-09-06","True","True","4","418","2","True","2026-09-06 오후 1:12:28","True","True","6","1004","23","NOT_AUDITED","NOT_AUDITED","NOT_AUDITED","reports/local/onurim-seo-v2/allergic-rhinitis/seo-audit.json"
"https://www.biz2lab.com/health/anxiety-disorder","/health/anxiety-disorder","disease","INDEX_PRIMARY","INDEX_PRIMARY","불안 경험·공황·의료 도움 시점 구분","경험 비교표·네 기록 영역·약 역할과 강요 없는 지원","독립 출처 대조·5폭QA·12개 인증 통과; 임상검수 아님","INTERNAL_HEURISTIC","NO","SEO_PAGE_CERTIFIED","INDEXED","도구 질문 해당 없음","2026-09-06","True","True","2","391","2","True","2026-09-06 오전 9:26:19","True","True","11","1525","21","NOT_AUDITED","NOT_AUDITED","NOT_AUDITED","reports/local/onurim-seo-v2/anxiety-disorder/seo-audit.json"
"https://www.biz2lab.com/health/asthma","/health/asthma","disease","INDEX_PRIMARY","INDEX_PRIMARY","기도 변화와 기존 개인 행동계획을 이해","개념도와 개인 계획의 다섯 확인 질문","독립 출처 대조·5폭QA·12개 인증 통과; 임상검수 아님","INTERNAL_HEURISTIC","NO","SEO_PAGE_CERTIFIED","DISCOVERED_NOT_INDEXED","도구 질문 해당 없음","2026-09-06","True","True","3","361","2","True","2026-09-06 오전 6:56:06","True","True","8","1172","21","NOT_AUDITED","NOT_AUDITED","NOT_AUDITED","reports/local/onurim-seo-v2/asthma/seo-audit.json"
"https://www.biz2lab.com/health/depression","/health/depression","disease","INDEX_PRIMARY","INDEX_PRIMARY","가족 경청·진료와 지금의 위기 도움 구분","편집 대화표·2주와 점수의 한계·109와119 역할","독립 출처 대조·5폭QA·12개 인증 통과; 임상검수 아님","INTERNAL_HEURISTIC","NO","SEO_PAGE_CERTIFIED","INDEXED","도구 질문 해당 없음","2026-09-06","True","True","2","403","2","True","2026-09-06 오전 9:06:35","True","True","8","1475","21","NOT_AUDITED","NOT_AUDITED","NOT_AUDITED","reports/local/onurim-seo-v2/depression/seo-audit.json"
"https://www.biz2lab.com/health/dyslipidemia","/health/dyslipidemia","disease","INDEX_PRIMARY","INDEX_PRIMARY","질환별 이해·적절한 도움·진료 준비 또는 이를 찾는 주제 허브","개별 dossier에서 검증","페이지별 순차 개선·출처 대조·12개 인증 기준 QA","INTERNAL_HEURISTIC","NO","SEO_PAGE_CERTIFIED","INDEXED","도구 질문 해당 없음","2026-09-06","True","True","3","386","2","True","2026-09-06 오전 5:24:37","True","True","11","1175","21","NOT_AUDITED","NOT_AUDITED","NOT_AUDITED","reports/local/onurim-seo-v2/dyslipidemia/seo-audit.json"
"https://www.biz2lab.com/health/gastroesophageal-reflux-disease","/health/gastroesophageal-reflux-disease","disease","INDEX_PRIMARY","INDEX_PRIMARY","질환별 이해·적절한 도움·진료 준비 또는 이를 찾는 주제 허브","개별 dossier에서 검증","페이지별 순차 개선·출처 대조·12개 인증 기준 QA","INTERNAL_HEURISTIC","NO","SEO_PAGE_CERTIFIED","INDEXED","도구 질문 해당 없음","2026-09-06","True","True","5","439","2","True","2026-09-06 오후 1:30:08","True","True","8","963","22","NOT_AUDITED","NOT_AUDITED","NOT_AUDITED","reports/local/onurim-seo-v2/gastroesophageal-reflux-disease/seo-audit.json"
"https://www.biz2lab.com/health/gout","/health/gout","disease","INDEX_PRIMARY","INDEX_PRIMARY","혈액 요산과 관절 진단 및 두 치료 목적 구분","요산검사 개념도와 급성·장기 진료 질문","독립 출처 대조·5폭QA·12개 인증 통과; 임상검수 아님","INTERNAL_HEURISTIC","NO","SEO_PAGE_CERTIFIED","DISCOVERED_NOT_INDEXED","도구 질문 해당 없음","2026-09-06","True","True","3","383","2","True","2026-09-06 오전 7:42:06","True","True","9","1319","21","NOT_AUDITED","NOT_AUDITED","NOT_AUDITED","reports/local/onurim-seo-v2/gout/seo-audit.json"
"https://www.biz2lab.com/health/guides/appointment-questions","/health/guides/appointment-questions","support","INDEX_SUPPORT","INDEX_SUPPORT","중요질문우선순위와설명후다음행동확인","검사치료4행질문·이해와실행곤란구분·귀가전후연락빈칸","독립 출처 대조·5폭QA·12개 인증 통과; 임상검수 아님","INTERNAL_HEURISTIC","NO","SEO_PAGE_CERTIFIED","INDEXED","도구 질문 해당 없음","2026-09-06","True","True","2","101","2","True","2026-09-06 오전 11:06:44","True","True","4","800","18","NOT_AUDITED","NOT_AUDITED","NOT_AUDITED","reports/local/onurim-seo-v2/appointment-questions/seo-audit.json"
"https://www.biz2lab.com/health/guides/danger-signals","/health/guides/danger-signals","support","INDEX_SUPPORT","INDEX_SUPPORT","119를먼저부를때와신고하며전할정보","각위험신호행동·119와109구분·사전완성불필요신고정보표","독립 출처 대조·5폭QA·12개 인증 통과; 임상검수 아님","INTERNAL_HEURISTIC","NO","SEO_PAGE_CERTIFIED","INDEXED","도구 질문 해당 없음","2026-09-06","True","True","2","119","2","True","2026-09-06 오전 10:18:44","True","True","7","777","20","NOT_AUDITED","NOT_AUDITED","NOT_AUDITED","reports/local/onurim-seo-v2/danger-signals/seo-audit.json"
"https://www.biz2lab.com/health/guides/family-medication-support","/health/guides/family-medication-support","support","INDEX_SUPPORT","INDEX_SUPPORT","당사자동의아래복약어려움을전문가에게연결","혼동누락삼킴거부4행표·확인과미확인인계·목록작성과분리","독립 출처 대조·5폭QA·12개 인증 통과; 임상검수 아님","INTERNAL_HEURISTIC","NO","SEO_PAGE_CERTIFIED","DISCOVERED_NOT_INDEXED","도구 질문 해당 없음","2026-09-06","True","True","2","104","2","True","2026-09-06 오전 10:51:13","True","True","5","869","19","NOT_AUDITED","NOT_AUDITED","NOT_AUDITED","reports/local/onurim-seo-v2/family-medication-support/seo-audit.json"
"https://www.biz2lab.com/health/guides/measuring-blood-pressure","/health/guides/measuring-blood-pressure","support","INDEX_SUPPORT","INDEX_SUPPORT","가정에서비교가능한조건으로재고진료에전달","준비안정반복시간구분·4부위자세표·두값과조건원본기록","독립 출처 대조·5폭QA·12개 인증 통과; 임상검수 아님","INTERNAL_HEURISTIC","NO","SEO_PAGE_CERTIFIED","DISCOVERED_NOT_INDEXED","도구 질문 해당 없음","2026-09-06","True","True","2","104","2","True","2026-09-06 오전 10:29:52","True","True","6","723","21","NOT_AUDITED","NOT_AUDITED","NOT_AUDITED","reports/local/onurim-seo-v2/measuring-blood-pressure/seo-audit.json"
"https://www.biz2lab.com/health/guides/medication-list","/health/guides/medication-list","support","INDEX_SUPPORT","INDEX_SUPPORT","현재제품정보와사용법을분리해진료약국에전달","함량사용법5행표·현재과거및지시실제차이·갱신일확인","독립 출처 대조·5폭QA·12개 인증 통과; 임상검수 아님","INTERNAL_HEURISTIC","NO","SEO_PAGE_CERTIFIED","DISCOVERED_NOT_INDEXED","도구 질문 해당 없음","2026-09-06","True","True","2","82","2","True","2026-09-06 오전 11:14:26","True","True","5","885","18","NOT_AUDITED","NOT_AUDITED","NOT_AUDITED","reports/local/onurim-seo-v2/medication-list/seo-audit.json"
"https://www.biz2lab.com/health/guides/older-parent-health-organizer","/health/guides/older-parent-health-organizer","support","INDEX_SUPPORT","INDEX_SUPPORT","동의한 부모님 건강정보의 요약·원본 위치·확인 날짜 전달","원본 위치4행표·모름과없음·전체 약 목록·날짜 구분","독립 출처 대조·5폭QA·12개 인증 통과; 임상검수 아님","INTERNAL_HEURISTIC","NO","SEO_PAGE_CERTIFIED","UNKNOWN","도구 질문 해당 없음","2026-09-06","True","True","2","104","2","True","2026-09-06 오전 11:22:10","True","True","6","920","18","NOT_AUDITED","NOT_AUDITED","NOT_AUDITED","reports/local/onurim-seo-v2/older-parent-health-organizer/seo-audit.json"
"https://www.biz2lab.com/health/guides/reading-health-results","/health/guides/reading-health-results","support","INDEX_SUPPORT","INDEX_SUPPORT","혈액소변검사표의숫자와표시를진료질문으로전환","4행표시질문표·확진과참고범위구분·준비조건과후속연락","독립 출처 대조·5폭QA·12개 인증 통과; 임상검수 아님","INTERNAL_HEURISTIC","NO","SEO_PAGE_CERTIFIED","INDEXED","도구 질문 해당 없음","2026-09-06","True","True","2","110","2","True","2026-09-06 오전 10:45:25","True","True","4","855","19","NOT_AUDITED","NOT_AUDITED","NOT_AUDITED","reports/local/onurim-seo-v2/reading-health-results/seo-audit.json"
"https://www.biz2lab.com/health/guides/symptom-journal","/health/guides/symptom-journal","support","INDEX_SUPPORT","INDEX_SUPPORT","경험관찰원인추정을나누어진료에전달","4칸자체정리예시·두통수면별항목·빈칸최소일수없이전달","독립 출처 대조·5폭QA·12개 인증 통과; 임상검수 아님","INTERNAL_HEURISTIC","NO","SEO_PAGE_CERTIFIED","DISCOVERED_NOT_INDEXED","도구 질문 해당 없음","2026-09-06","True","True","2","94","2","True","2026-09-06 오전 11:02:50","True","True","6","817","20","NOT_AUDITED","NOT_AUDITED","NOT_AUDITED","reports/local/onurim-seo-v2/symptom-journal/seo-audit.json"
"https://www.biz2lab.com/health/guides/understanding-hba1c","/health/guides/understanding-hba1c","support","INDEX_SUPPORT","INDEX_SUPPORT","진료·검사·가족 지원의 독립적인 실용 질문","개별 dossier에서 검증","페이지별 순차 개선·출처 대조·12개 인증 기준 QA","INTERNAL_HEURISTIC","NO","SEO_PAGE_CERTIFIED","INDEXED","도구 질문 해당 없음","2026-09-06","True","True","2","107","2","True","2026-09-06 오전 3:25:59","True","True","4","567","19","NOT_AUDITED","NOT_AUDITED","NOT_AUDITED","reports/local/onurim-seo-v2/understanding-hba1c/seo-audit.json"
"https://www.biz2lab.com/health/hypertension","/health/hypertension","disease","INDEX_PRIMARY","INDEX_PRIMARY","질환별 이해·적절한 도움·진료 준비 또는 이를 찾는 주제 허브","개별 dossier에서 검증","페이지별 순차 개선·출처 대조·12개 인증 기준 QA","INTERNAL_HEURISTIC","NO","SEO_PAGE_CERTIFIED","INDEXED","도구 질문 해당 없음","2026-09-06","True","True","5","586","2","True","2026-09-06 오전 3:49:09","True","True","5","996","24","NOT_AUDITED","NOT_AUDITED","NOT_AUDITED","reports/local/onurim-seo-v2/hypertension/seo-audit.json"
"https://www.biz2lab.com/health/irritable-bowel-syndrome","/health/irritable-bowel-syndrome","disease","INDEX_PRIMARY","INDEX_PRIMARY","질환별 이해·적절한 도움·진료 준비 또는 이를 찾는 주제 허브","개별 dossier에서 검증","페이지별 순차 개선·출처 대조·12개 인증 기준 QA","INTERNAL_HEURISTIC","NO","SEO_PAGE_CERTIFIED","INDEXED","도구 질문 해당 없음","2026-09-06","True","True","3","379","2","True","2026-09-06 오전 6:35:45","True","True","11","1257","20","NOT_AUDITED","NOT_AUDITED","NOT_AUDITED","reports/local/onurim-seo-v2/irritable-bowel-syndrome/seo-audit.json"
"https://www.biz2lab.com/health/kidney-stones","/health/kidney-stones","disease","INDEX_PRIMARY","INDEX_PRIMARY","소변길 위치·급한 변화·검사 후 배출 확인 구분","요관과 요도 그림·검사 역할표·개별 수분 식사와 네 질문","독립 출처 대조·5폭QA·12개 인증 통과; 임상검수 아님","INTERNAL_HEURISTIC","NO","SEO_PAGE_CERTIFIED","DISCOVERED_NOT_INDEXED","도구 질문 해당 없음","2026-09-06","True","True","3","384","2","True","2026-09-06 오전 8:19:29","True","True","8","1253","20","NOT_AUDITED","NOT_AUDITED","NOT_AUDITED","reports/local/onurim-seo-v2/kidney-stones/seo-audit.json"
"https://www.biz2lab.com/health/metabolic-dysfunction-associated-steatotic-liver-disease","/health/metabolic-dysfunction-associated-steatotic-liver-disease","disease","INDEX_PRIMARY","INDEX_PRIMARY","질환별 이해·적절한 도움·진료 준비 또는 이를 찾는 주제 허브","개별 dossier에서 검증","페이지별 순차 개선·출처 대조·12개 인증 기준 QA","INTERNAL_HEURISTIC","NO","SEO_PAGE_CERTIFIED","DISCOVERED_NOT_INDEXED","도구 질문 해당 없음","2026-09-06","True","True","3","392","2","True","2026-09-06 오전 6:15:00","True","True","12","1256","22","NOT_AUDITED","NOT_AUDITED","NOT_AUDITED","reports/local/onurim-seo-v2/metabolic-dysfunction-associated-steatotic-liver-disease/seo-audit.json"
"https://www.biz2lab.com/health/migraine","/health/migraine","disease","INDEX_PRIMARY","INDEX_PRIMARY","평소 두통 흐름과 새 위험 변화 구분","필수단계 아닌 경험표와 두통날·실제 약사용일 분리","독립 출처 대조·5폭QA·12개 인증 통과; 임상검수 아님","INTERNAL_HEURISTIC","NO","SEO_PAGE_CERTIFIED","INDEXED","도구 질문 해당 없음","2026-09-06","True","True","3","377","2","True","2026-09-06 오전 8:10:02","True","True","8","1331","21","NOT_AUDITED","NOT_AUDITED","NOT_AUDITED","reports/local/onurim-seo-v2/migraine/seo-audit.json"
"https://www.biz2lab.com/health/obesity","/health/obesity","disease","INDEX_PRIMARY","INDEX_PRIMARY","질환별 이해·적절한 도움·진료 준비 또는 이를 찾는 주제 허브","개별 dossier에서 검증","페이지별 순차 개선·출처 대조·12개 인증 기준 QA","INTERNAL_HEURISTIC","NO","SEO_PAGE_CERTIFIED","INDEXED","도구 질문 해당 없음","2026-09-06","True","True","3","399","2","True","2026-09-06 오전 5:49:40","True","True","10","1317","21","NOT_AUDITED","NOT_AUDITED","NOT_AUDITED","reports/local/onurim-seo-v2/obesity/seo-audit.json"
"https://www.biz2lab.com/health/osteoarthritis","/health/osteoarthritis","disease","INDEX_PRIMARY","INDEX_PRIMARY","질환별 이해·적절한 도움·진료 준비 또는 이를 찾는 주제 허브","개별 dossier에서 검증","페이지별 순차 개선·출처 대조·12개 인증 기준 QA","INTERNAL_HEURISTIC","NO","SEO_PAGE_CERTIFIED","DISCOVERED_NOT_INDEXED","도구 질문 해당 없음","2026-09-06","True","True","5","425","2","True","2026-09-06 오전 4:45:45","True","True","7","1052","22","NOT_AUDITED","NOT_AUDITED","NOT_AUDITED","reports/local/onurim-seo-v2/osteoarthritis/seo-audit.json"
"https://www.biz2lab.com/health/osteoporosis","/health/osteoporosis","disease","INDEX_PRIMARY","INDEX_PRIMARY","질환별 이해·적절한 도움·진료 준비 또는 이를 찾는 주제 허브","개별 dossier에서 검증","페이지별 순차 개선·출처 대조·12개 인증 기준 QA","INTERNAL_HEURISTIC","NO","SEO_PAGE_CERTIFIED","INDEXED","도구 질문 해당 없음","2026-09-06","True","True","5","451","2","True","2026-09-06 오전 5:00:15","True","True","9","1093","22","NOT_AUDITED","NOT_AUDITED","NOT_AUDITED","reports/local/onurim-seo-v2/osteoporosis/seo-audit.json"
"https://www.biz2lab.com/health/sleep-apnea","/health/sleep-apnea","disease","INDEX_PRIMARY","INDEX_PRIMARY","밤의 관찰과 낮의 경험을 모아 수면 평가 상담","두 관찰자 기록과 기기·의료검사의 역할 비교","독립 출처 대조·5폭QA·12개 인증 통과; 임상검수 아님","INTERNAL_HEURISTIC","NO","SEO_PAGE_CERTIFIED","DISCOVERED_NOT_INDEXED","도구 질문 해당 없음","2026-09-06","True","True","3","361","2","True","2026-09-06 오전 7:24:48","True","True","12","1250","21","NOT_AUDITED","NOT_AUDITED","NOT_AUDITED","reports/local/onurim-seo-v2/sleep-apnea/seo-audit.json"
"https://www.biz2lab.com/health/stroke","/health/stroke","disease","INDEX_PRIMARY","INDEX_PRIMARY","갑작스러운각신호의119행동과호전오해해소","신고후두시각구분·대기중음식약경계·검사역할","독립 출처 대조·5폭QA·12개 인증 통과; 임상검수 아님","INTERNAL_HEURISTIC","NO","SEO_PAGE_CERTIFIED","DISCOVERED_NOT_INDEXED","도구 질문 해당 없음","2026-09-06","True","True","2","378","2","True","2026-09-06 오전 9:50:20","True","True","8","1419","20","NOT_AUDITED","NOT_AUDITED","NOT_AUDITED","reports/local/onurim-seo-v2/stroke/seo-audit.json"
"https://www.biz2lab.com/health/tools/acute-myocardial-infarction-visit-card","/health/tools/acute-myocardial-infarction-visit-card","tool","NOINDEX_FOLLOW","NOINDEX_FOLLOW","응급 통화 메모와 퇴원 후 질문","급성 증상 기록과 예정 진료 질문의 혼합","Local QA certified; see page-dossiers/tool-acute-myocardial-infarction-visit-card.md. Production freeze; final graph/Preview pending.","INTERNAL_HEURISTIC","NO","SEO_PAGE_CERTIFIED","UNKNOWN","Individual local usage/print/source QA completed; global after audit pending.","2026-09-06","True","False","0","66","3","True","2026-09-06 오후 4:35:37","False","False","4","448","18","NOT_AUDITED","NOT_AUDITED","NOT_AUDITED","reports/local/onurim-seo-v2/acute-myocardial-infarction-visit-card/seo-audit.json"
"https://www.biz2lab.com/health/tools/allergy-appointment-questions","/health/tools/allergy-appointment-questions","tool","INDEX_UTILITY","INDEX_UTILITY","성인 비염의 관찰·제품을 검사 준비·다음 행동 질문에 연결","관찰/제품 원본에서 질문과 개인 답변으로 옮기는 독립 양식","2필드·4질문·답변4줄·제품별 준비·출처4 완료","INTERNAL_HEURISTIC","NO","SEO_PAGE_CERTIFIED","DISCOVERED_NOT_INDEXED","53관련tests·전체test/lint/typecheck·5폭·2쪽 빈 PDF PASS; 의료 검수 아님","2026-09-06","True","True","0","71","3","True","2026-09-06 오후 1:15:47","True","True","4","396","19","NOT_AUDITED","NOT_AUDITED","NOT_AUDITED","reports/local/onurim-seo-v2/allergy-appointment-questions/seo-audit.json"
"https://www.biz2lab.com/health/tools/allergy-environment-check","/health/tools/allergy-environment-check","tool","NOINDEX_FOLLOW","NOINDEX_FOLLOW","환경 변화와 날짜 기록을 확인하는 보조표","관찰표와 중복되는 보조 역할; 색인 실패 은폐 아님","1필드·4항목·출처3·noindex follow·sitemap 제외 완료","INTERNAL_HEURISTIC","NO","SEO_PAGE_CERTIFIED","DISCOVERED_NOT_INDEXED","46tests·5폭·2쪽 빈 PDF PASS; QA 시험 체크 해제 보강; 의료 검수 아님","2026-09-06","True","True","0","63","3","True","2026-09-06 오후 1:08:05","False","False","3","298","19","NOT_AUDITED","NOT_AUDITED","NOT_AUDITED","reports/local/onurim-seo-v2/allergy-environment-check/seo-audit.json"
"https://www.biz2lab.com/health/tools/allergy-trigger-observation","/health/tools/allergy-trigger-observation","tool","INDEX_UTILITY","INDEX_UTILITY","증상 시작 시각·장소·수면·기존 약 사용 기록","설명과 달리 사실/원인 추정을 분리하는 반복 양식","7열12행·4단계·예시·출처3·119 안내 완료","INTERNAL_HEURISTIC","NO","SEO_PAGE_CERTIFIED","INDEXED","상담 OR 조건 P2 해결; 45tests·5폭·키보드·2쪽 PDF PASS; 의료 검수 아님","2026-09-06","True","True","0","43","3","True","2026-09-06 오후 12:58:30","True","True","3","345","20","NOT_AUDITED","NOT_AUDITED","NOT_AUDITED","reports/local/onurim-seo-v2/allergy-trigger-observation/seo-audit.json"
"https://www.biz2lab.com/health/tools/anxiety-disorder-visit-card","/health/tools/anxiety-disorder-visit-card","tool","NOINDEX_FOLLOW","NOINDEX_FOLLOW","불안 상황과 피하게 된 활동 정리","부모의 상황-반응-회피 해설과 중복","Local QA certified; see page-dossiers/tool-anxiety-disorder-visit-card.md. Production freeze; final graph/Preview pending.","INTERNAL_HEURISTIC","NO","SEO_PAGE_CERTIFIED","DISCOVERED_NOT_INDEXED","Individual local usage/print/source QA completed; global after audit pending.","2026-09-06","True","False","0","63","3","True","2026-09-06 오후 4:18:31","False","False","7","511","19","NOT_AUDITED","NOT_AUDITED","NOT_AUDITED","reports/local/onurim-seo-v2/anxiety-disorder-visit-card/seo-audit.json"
"https://www.biz2lab.com/health/tools/asthma-visit-card","/health/tools/asthma-visit-card","tool","INDEX_UTILITY","INDEX_UTILITY","야간 증상과 처방된 행동계획을 진료에서 확인","실제 흡입기·기록을 가져가는 작업은 독립적","Local QA certified; see page-dossiers/tool-asthma-visit-card.md. Production freeze; final graph/Preview pending.","INTERNAL_HEURISTIC","NO","SEO_PAGE_CERTIFIED","DISCOVERED_NOT_INDEXED","Individual local usage/print/source QA completed; global after audit pending.","2026-09-06","True","False","0","61","3","True","2026-09-06 오후 3:17:17","True","True","5","445","19","NOT_AUDITED","NOT_AUDITED","NOT_AUDITED","reports/local/onurim-seo-v2/asthma-visit-card/seo-audit.json"
"https://www.biz2lab.com/health/tools/blood-pressure-log","/health/tools/blood-pressure-log","tool","INDEX_UTILITY","INDEX_UTILITY","개인 측정 계획에 따른 각 회차 원래 혈압값·조건 기록","본문은 측정법; 도구는 반복 기록 결과물","인쇄 사용법과 빈칸 예시; 측정 준비 링크; 평균·진단 자동계산 금지","INTERNAL_HEURISTIC","NO","SEO_PAGE_CERTIFIED","UNKNOWN","LOCAL완료:7열14행·회차단위·A4인쇄2쪽·실제출처;기간처방아님","2026-09-06","True","True","0","51","3","True","2026-09-06 오전 11:48:24","True","True","4","337","19","NOT_AUDITED","NOT_AUDITED","NOT_AUDITED","reports/local/onurim-seo-v2/blood-pressure-log/seo-audit.json"
"https://www.biz2lab.com/health/tools/blood-pressure-prep","/health/tools/blood-pressure-prep","tool","INDEX_UTILITY","INDEX_UTILITY","혈압 측정 직전 준비 확인","설명 글을 읽은 뒤 반복 사용 가능한 확인표","전5후2 항목과 출처4; 5폭·A4 2쪽·41SEO·build116 개별 인증","INTERNAL_HEURISTIC","NO","SEO_PAGE_CERTIFIED","INDEXED","인쇄 순서·기록 예시·직접 출처 링크 보강 필요; 14개 fields 미노출","2026-09-06","True","True","0","73","3","True","2026-09-06 오후 12:06:44","True","True","4","345","20","NOT_AUDITED","NOT_AUDITED","NOT_AUDITED","reports/local/onurim-seo-v2/blood-pressure-prep/seo-audit.json"
"https://www.biz2lab.com/health/tools/blood-pressure-questions","/health/tools/blood-pressure-questions","tool","INDEX_UTILITY","INDEX_UTILITY","가정혈압 기록을 가져갈 진료 질문 선택","기록 해석 질문은 본문과 겹치나 답·다음 계획 기록은 별도","기록을 가져오는 순서와 답변·다음 일정 칸 보강","INTERNAL_HEURISTIC","NO","SEO_PAGE_CERTIFIED","INDEXED","LOCAL완료:지참물·우선질문·실행어려움3칸/5질문·답변·인쇄2쪽","2026-09-06","True","True","0","82","3","True","2026-09-06 오전 11:54:53","True","True","4","344","19","NOT_AUDITED","NOT_AUDITED","NOT_AUDITED","reports/local/onurim-seo-v2/blood-pressure-questions/seo-audit.json"
"https://www.biz2lab.com/health/tools/blood-pressure-warning","/health/tools/blood-pressure-warning","tool","NOINDEX_FOLLOW","NOINDEX_FOLLOW","부모 글의 119 경고를 인쇄해 기억","고혈압 경고와 danger-signals의 반복","LOCAL noindex follow·sitemap 제외; A4 1쪽·출처3·285tests·5폭 인증","INTERNAL_HEURISTIC","NO","SEO_PAGE_CERTIFIED","INDEXED","인쇄 순서·기록 예시·직접 출처 링크 보강 필요; 14개 fields 미노출","2026-09-06","True","True","0","87","3","True","2026-09-06 오후 12:13:23","False","False","3","270","19","NOT_AUDITED","NOT_AUDITED","NOT_AUDITED","reports/local/onurim-seo-v2/blood-pressure-warning/seo-audit.json"
"https://www.biz2lab.com/health/tools/depression-visit-card","/health/tools/depression-visit-card","tool","NOINDEX_FOLLOW","NOINDEX_FOLLOW","동의하에 생활 변화와 도움 질문 정리","부모 도움 연결 설명 없는 단독 체크리스트 한계","Local QA certified; see page-dossiers/tool-depression-visit-card.md. Production freeze; final graph/Preview pending.","INTERNAL_HEURISTIC","NO","SEO_PAGE_CERTIFIED","INDEXED","Individual local usage/print/source QA completed; global after audit pending.","2026-09-06","True","False","0","69","3","True","2026-09-06 오후 4:06:54","False","False","6","488","19","NOT_AUDITED","NOT_AUDITED","NOT_AUDITED","reports/local/onurim-seo-v2/depression-visit-card/seo-audit.json"
"https://www.biz2lab.com/health/tools/diabetes-questions","/health/tools/diabetes-questions","tool","INDEX_UTILITY","INDEX_UTILITY","검사 결과·이미 남긴 기록을 개인 목표·대처 질문으로 연결","본문 FAQ와 다른 개인 답변용 인쇄 양식","준비 필드2·사용법4단계·119 양식 안내·출처5 완료","INTERNAL_HEURISTIC","NO","SEO_PAGE_CERTIFIED","INDEXED","2쪽 A4·5폭·키보드 체크·링크200 PASS; 임상 검수 아님","2026-09-06","True","True","0","83","3","True","2026-09-06 오후 12:31:53","True","True","5","366","19","NOT_AUDITED","NOT_AUDITED","NOT_AUDITED","reports/local/onurim-seo-v2/diabetes-questions/seo-audit.json"
"https://www.biz2lab.com/health/tools/diabetes-test-terms","/health/tools/diabetes-test-terms","tool","NOINDEX_FOLLOW","NOINDEX_FOLLOW","검사 이름·시간 범위를 읽는 1쪽 요약","HbA1c Support와 검색 의도 중복; 인쇄 역할 유지","작성란 없는 참고 형식·출처2·noindex follow·sitemap 제외 완료","INTERNAL_HEURISTIC","NO","SEO_PAGE_CERTIFIED","DISCOVERED_NOT_INDEXED","A4 1쪽·5폭·링크200·전체287tests PASS; 의료 검수 아님","2026-09-06","True","True","0","85","3","True","2026-09-06 오후 12:48:49","False","False","2","242","19","NOT_AUDITED","NOT_AUDITED","NOT_AUDITED","reports/local/onurim-seo-v2/diabetes-test-terms/seo-audit.json"
"https://www.biz2lab.com/health/tools/dyslipidemia-visit-card","/health/tools/dyslipidemia-visit-card","tool","INDEX_UTILITY","INDEX_UTILITY","서로 다른 지질 항목과 이전 검사 비교 준비","보이지 않던 fields 때문에 현재 세 질문만 노출","Local QA certified; see page-dossiers/tool-dyslipidemia-visit-card.md. Production freeze; final graph/Preview pending.","INTERNAL_HEURISTIC","NO","SEO_PAGE_CERTIFIED","INDEXED","Individual local usage/print/source QA completed; global after audit pending.","2026-09-06","True","False","0","66","3","True","2026-09-06 오후 2:34:19","True","True","6","461","18","NOT_AUDITED","NOT_AUDITED","NOT_AUDITED","reports/local/onurim-seo-v2/dyslipidemia-visit-card/seo-audit.json"
"https://www.biz2lab.com/health/tools/family-support-checklist","/health/tools/family-support-checklist","tool","NOINDEX_FOLLOW","NOINDEX_FOLLOW","동의한 가족 도움을 확인하는 인쇄 양식","지원 의도는 있으나 현재 원칙이 부모·가족 복약 해설과 중복","동의 필드1·절차3·출처5·noindex follow·sitemap 제외 완료","INTERNAL_HEURISTIC","NO","SEO_PAGE_CERTIFIED","INDEXED","5폭·A4 2쪽·체크 키보드·링크200 PASS; 색인 실패 은폐 아님","2026-09-06","True","True","0","67","3","True","2026-09-06 오후 12:40:02","False","False","5","333","18","NOT_AUDITED","NOT_AUDITED","NOT_AUDITED","reports/local/onurim-seo-v2/family-support-checklist/seo-audit.json"
"https://www.biz2lab.com/health/tools/gerd-appointment-prep","/health/tools/gerd-appointment-prep","tool","INDEX_UTILITY","INDEX_UTILITY","증상 원본·현재 약을 검사 목적·개별 준비·다음 연락 질문으로 연결","질환 설명과 실제 질문·답변 역할 구분","2fields 4questions 4답변줄;119상속·출혈;일괄검사·약중단 금지","INTERNAL_HEURISTIC","NO","SEO_PAGE_CERTIFIED","UNKNOWN","56관련tests·5폭·tool·SEO;helper전체test/lint/typePASS;PDF2쪽;임상검수아님","2026-09-06","True","True","0","69","3","True","2026-09-06 오후 1:42:54","True","True","6","460","19","NOT_AUDITED","NOT_AUDITED","NOT_AUDITED","reports/local/onurim-seo-v2/gerd-appointment-prep/seo-audit.json"
"https://www.biz2lab.com/health/tools/gerd-everyday-patterns","/health/tools/gerd-everyday-patterns","tool","NOINDEX_FOLLOW","NOINDEX_FOLLOW","생활 변화 관찰의 보조 체크","시간 기록표와 본문 원칙의 반복이므로 독립 검색 대상 제외","1field 4checks 2steps; 부모119·출혈 안내; 원인실험·약변경 방지","INTERNAL_HEURISTIC","NO","SEO_PAGE_CERTIFIED","DISCOVERED_NOT_INDEXED","55 tests; 5폭·tool·SEO PASS; PDF2쪽; source166; 임상검수 아님","2026-09-06","True","True","0","62","3","True","2026-09-06 오후 1:38:45","False","False","6","417","19","NOT_AUDITED","NOT_AUDITED","NOT_AUDITED","reports/local/onurim-seo-v2/gerd-everyday-patterns/seo-audit.json"
"https://www.biz2lab.com/health/tools/gerd-symptom-timing-log","/health/tools/gerd-symptom-timing-log","tool","INDEX_UTILITY","INDEX_UTILITY","식사·자세와 증상 발생 시각을 나란히 기록","산도검사/음식 원인 판정과 구별되는 실제 작성 양식","7열12행·부모119 연결·출혈 바로도움·출처6 완료","INTERNAL_HEURISTIC","NO","SEO_PAGE_CERTIFIED","INDEXED","54관련tests·5폭·키보드·최종2쪽 PDF PASS; 부모 후반 OR 문구 별도 재확인","2026-09-06","True","True","0","45","3","True","2026-09-06 오후 1:22:50","True","True","6","427","19","NOT_AUDITED","NOT_AUDITED","NOT_AUDITED","reports/local/onurim-seo-v2/gerd-symptom-timing-log/seo-audit.json"
"https://www.biz2lab.com/health/tools/glucose-observation-log","/health/tools/glucose-observation-log","tool","INDEX_UTILITY","INDEX_UTILITY","이미 측정하는 사람의 식사·활동·혈당 기록","당뇨 설명과 달리 날짜별 빈칸 결과물","실제시각·단위7열12행·개인계획·출처5·5폭·A4 2쪽 개별 인증","INTERNAL_HEURISTIC","NO","SEO_PAGE_CERTIFIED","DISCOVERED_NOT_INDEXED","인쇄 순서·기록 예시·직접 출처 링크 보강 필요; 14개 fields 미노출","2026-09-06","True","True","0","48","3","True","2026-09-06 오후 12:18:56","True","True","5","368","20","NOT_AUDITED","NOT_AUDITED","NOT_AUDITED","reports/local/onurim-seo-v2/glucose-observation-log/seo-audit.json"
"https://www.biz2lab.com/health/tools/gout-visit-card","/health/tools/gout-visit-card","tool","INDEX_UTILITY","INDEX_UTILITY","관절 발작 시점과 검사 날짜를 구분해 기록","요산 설명 외 발작 이력 정리 가치","Local QA certified; see page-dossiers/tool-gout-visit-card.md. Production freeze; final graph/Preview pending.","INTERNAL_HEURISTIC","NO","SEO_PAGE_CERTIFIED","DISCOVERED_NOT_INDEXED","Individual local usage/print/source QA completed; global after audit pending.","2026-09-06","True","False","0","66","3","True","2026-09-06 오후 3:32:24","True","True","5","470","18","NOT_AUDITED","NOT_AUDITED","NOT_AUDITED","reports/local/onurim-seo-v2/gout-visit-card/seo-audit.json"
"https://www.biz2lab.com/health/tools/irritable-bowel-syndrome-visit-card","/health/tools/irritable-bowel-syndrome-visit-card","tool","INDEX_UTILITY","INDEX_UTILITY","복통과 배변 전후 관계를 진료에 전달","소화기 일반 설명 외 시간·배변 기록 가치","Local QA certified; see page-dossiers/tool-irritable-bowel-syndrome-visit-card.md. Production freeze; final graph/Preview pending.","INTERNAL_HEURISTIC","NO","SEO_PAGE_CERTIFIED","DISCOVERED_NOT_INDEXED","Individual local usage/print/source QA completed; global after audit pending.","2026-09-06","True","False","0","64","3","True","2026-09-06 오후 3:04:50","True","True","7","513","19","NOT_AUDITED","NOT_AUDITED","NOT_AUDITED","reports/local/onurim-seo-v2/irritable-bowel-syndrome-visit-card/seo-audit.json"
"https://www.biz2lab.com/health/tools/kidney-stones-visit-card","/health/tools/kidney-stones-visit-card","tool","INDEX_UTILITY","INDEX_UTILITY","결석 위치 검사와 감염·수분 제한 정보를 가져감","검사 원본과 개인 제약을 묶는 별도 결과물","Local QA certified; see page-dossiers/tool-kidney-stones-visit-card.md. Production freeze; final graph/Preview pending.","INTERNAL_HEURISTIC","NO","SEO_PAGE_CERTIFIED","INDEXED","Individual local usage/print/source QA completed; global after audit pending.","2026-09-06","True","False","0","63","3","True","2026-09-06 오후 3:48:14","True","True","6","486","18","NOT_AUDITED","NOT_AUDITED","NOT_AUDITED","reports/local/onurim-seo-v2/kidney-stones-visit-card/seo-audit.json"
"https://www.biz2lab.com/health/tools/metabolic-dysfunction-associated-steatotic-liver-disease-visit-card","/health/tools/metabolic-dysfunction-associated-steatotic-liver-disease-visit-card","tool","INDEX_UTILITY","INDEX_UTILITY","간 검사의 실제 문구와 음주·약 정보를 함께 준비","질환 설명과 구별되는 검사 원본 정리","Local QA certified; see page-dossiers/tool-metabolic-dysfunction-associated-steatotic-liver-disease-visit-card.md. Production freeze; final graph/Preview pending.","INTERNAL_HEURISTIC","NO","SEO_PAGE_CERTIFIED","INDEXED","Individual local usage/print/source QA completed; global after audit pending.","2026-09-06","True","False","0","63","3","True","2026-09-06 오후 2:51:50","True","True","6","506","18","NOT_AUDITED","NOT_AUDITED","NOT_AUDITED","reports/local/onurim-seo-v2/metabolic-dysfunction-associated-steatotic-liver-disease-visit-card/seo-audit.json"
"https://www.biz2lab.com/health/tools/migraine-visit-card","/health/tools/migraine-visit-card","tool","INDEX_UTILITY","INDEX_UTILITY","두통일과 약 사용일·생활 영향을 상담 준비","본문 증상 목록 외 날짜별 사실 정리","Local QA certified; see page-dossiers/tool-migraine-visit-card.md. Production freeze; final graph/Preview pending.","INTERNAL_HEURISTIC","NO","SEO_PAGE_CERTIFIED","DISCOVERED_NOT_INDEXED","Individual local usage/print/source QA completed; global after audit pending.","2026-09-06","True","False","0","64","3","True","2026-09-06 오후 3:40:52","True","True","6","485","19","NOT_AUDITED","NOT_AUDITED","NOT_AUDITED","reports/local/onurim-seo-v2/migraine-visit-card/seo-audit.json"
"https://www.biz2lab.com/health/tools/oa-daily-activity-log","/health/tools/oa-daily-activity-log","tool","INDEX_UTILITY","INDEX_UTILITY","관절·좌우별 실제 활동 전후 통증과 일상 기록","운동 설명과 구별되는 작성 결과물","7cols12rows;3steps;운동할당·통증실험금지;OR위험경고상속","INTERNAL_HEURISTIC","NO","SEO_PAGE_CERTIFIED","DISCOVERED_NOT_INDEXED","57tests·5폭·tool·SEO PASS;PDF2쪽;임상검수아님","2026-09-06","True","True","0","46","3","True","2026-09-06 오후 1:50:35","True","True","4","445","20","NOT_AUDITED","NOT_AUDITED","NOT_AUDITED","reports/local/onurim-seo-v2/oa-daily-activity-log/seo-audit.json"
"https://www.biz2lab.com/health/tools/oa-family-support","/health/tools/oa-family-support","tool","NOINDEX_FOLLOW","NOINDEX_FOLLOW","동의한 가족 지원 역할 확인","부모 가족 지원·동의 원칙 보조;검색도착점분리","1field4checks2steps;동의=편집원칙;통증점수금지;OR경고상속","INTERNAL_HEURISTIC","NO","SEO_PAGE_CERTIFIED","DISCOVERED_NOT_INDEXED","59관련tests·5폭·tool·SEO;helper전체test/lint/type·Health auditPASS;PDF2쪽;임상검수아님","2026-09-06","True","True","0","61","3","True","2026-09-06 오후 1:57:08","False","False","3","421","19","NOT_AUDITED","NOT_AUDITED","NOT_AUDITED","reports/local/onurim-seo-v2/oa-family-support/seo-audit.json"
"https://www.biz2lab.com/health/tools/oa-visit-questions","/health/tools/oa-visit-questions","tool","INDEX_UTILITY","INDEX_UTILITY","개인 활동 목표를 검사·치료 선택 질문과 답변으로 연결","질환 설명과 개별 기능·선호·답변 역할 구분","2fields4questions4답변줄;3steps;일괄검사·자가처방금지;OR경고상속","INTERNAL_HEURISTIC","NO","SEO_PAGE_CERTIFIED","DISCOVERED_NOT_INDEXED","58tests·5폭·tool·SEO PASS;PDF2쪽;임상검수아님","2026-09-06","True","True","0","69","3","True","2026-09-06 오후 1:54:10","True","True","3","470","20","NOT_AUDITED","NOT_AUDITED","NOT_AUDITED","reports/local/onurim-seo-v2/oa-visit-questions/seo-audit.json"
"https://www.biz2lab.com/health/tools/obesity-visit-card","/health/tools/obesity-visit-card","tool","NOINDEX_FOLLOW","NOINDEX_FOLLOW","체중 외 일상 변화를 진료에 가져감","부모 체중 변화 타임라인과 일반 진료 준비를 반복","Local QA certified; see page-dossiers/tool-obesity-visit-card.md. Production freeze; final graph/Preview pending.","INTERNAL_HEURISTIC","NO","SEO_PAGE_CERTIFIED","DISCOVERED_NOT_INDEXED","Individual local usage/print/source QA completed; global after audit pending.","2026-09-06","True","False","0","68","3","True","2026-09-06 오후 2:47:51","False","False","5","465","18","NOT_AUDITED","NOT_AUDITED","NOT_AUDITED","reports/local/onurim-seo-v2/obesity-visit-card/seo-audit.json"
"https://www.biz2lab.com/health/tools/osteoporosis-appointment-prep","/health/tools/osteoporosis-appointment-prep","tool","INDEX_UTILITY","INDEX_UTILITY","골밀도 결과·낙상·골절·약을 모아 진료 준비","개인 검사 이력은 본문 일반 설명과 구별","Local QA certified; see page-dossiers/tool-osteoporosis-appointment-prep.md. Production freeze; final graph/Preview pending.","INTERNAL_HEURISTIC","NO","SEO_PAGE_CERTIFIED","UNKNOWN","Individual local usage/print/source QA completed; global after audit pending.","2026-09-06","True","True","0","67","3","True","2026-09-06 오후 2:05:10","True","True","4","477","19","NOT_AUDITED","NOT_AUDITED","NOT_AUDITED","reports/local/onurim-seo-v2/osteoporosis-appointment-prep/seo-audit.json"
"https://www.biz2lab.com/health/tools/osteoporosis-home-check","/health/tools/osteoporosis-home-check","tool","INDEX_UTILITY","INDEX_UTILITY","집 안 이동 경로의 낙상 위험요인 점검","본문 설명 외 장소별 후속 조치 결과물 필요","Local QA certified; see page-dossiers/tool-osteoporosis-home-check.md. Production freeze; final graph/Preview pending.","INTERNAL_HEURISTIC","NO","SEO_PAGE_CERTIFIED","INDEXED","Individual local usage/print/source QA completed; global after audit pending.","2026-09-06","True","True","0","63","3","True","2026-09-06 오후 2:22:33","True","True","3","440","20","NOT_AUDITED","NOT_AUDITED","NOT_AUDITED","reports/local/onurim-seo-v2/osteoporosis-home-check/seo-audit.json"
"https://www.biz2lab.com/health/tools/osteoporosis-terms","/health/tools/osteoporosis-terms","tool","NOINDEX_FOLLOW","NOINDEX_FOLLOW","골밀도 용어 요약 인쇄","골다공증 가이드의 검사 해설과 중복","Local QA certified; see page-dossiers/tool-osteoporosis-terms.md. Production freeze; final graph/Preview pending.","INTERNAL_HEURISTIC","NO","SEO_PAGE_CERTIFIED","INDEXED","Individual local usage/print/source QA completed; global after audit pending.","2026-09-06","True","True","0","76","3","True","2026-09-06 오후 2:25:35","False","False","2","264","18","NOT_AUDITED","NOT_AUDITED","NOT_AUDITED","reports/local/onurim-seo-v2/osteoporosis-terms/seo-audit.json"
"https://www.biz2lab.com/health/tools/sleep-apnea-visit-card","/health/tools/sleep-apnea-visit-card","tool","INDEX_UTILITY","INDEX_UTILITY","밤의 타인 관찰과 낮의 본인 졸림을 함께 전달","두 관찰자의 정보를 합치는 별도 준비 도구","Local QA certified; see page-dossiers/tool-sleep-apnea-visit-card.md. Production freeze; final graph/Preview pending.","INTERNAL_HEURISTIC","NO","SEO_PAGE_CERTIFIED","DISCOVERED_NOT_INDEXED","Individual local usage/print/source QA completed; global after audit pending.","2026-09-06","True","False","0","64","3","True","2026-09-06 오후 3:22:53","True","True","6","479","19","NOT_AUDITED","NOT_AUDITED","NOT_AUDITED","reports/local/onurim-seo-v2/sleep-apnea-visit-card/seo-audit.json"
"https://www.biz2lab.com/health/tools/stroke-visit-card","/health/tools/stroke-visit-card","tool","NOINDEX_FOLLOW","NOINDEX_FOLLOW","119 전달 메모와 회복기 질문","응급 대응과 평상시 진료가 섞여 독립 검색 도착점 부적절","Local QA certified; see page-dossiers/tool-stroke-visit-card.md. Production freeze; final graph/Preview pending.","INTERNAL_HEURISTIC","NO","SEO_PAGE_CERTIFIED","DISCOVERED_NOT_INDEXED","Individual local usage/print/source QA completed; global after audit pending.","2026-09-06","True","False","0","67","3","True","2026-09-06 오후 4:30:21","False","False","6","479","18","NOT_AUDITED","NOT_AUDITED","NOT_AUDITED","reports/local/onurim-seo-v2/stroke-visit-card/seo-audit.json"
"https://www.biz2lab.com/health/tools/urinary-tract-infection-visit-card","/health/tools/urinary-tract-infection-visit-card","tool","NOINDEX_FOLLOW","NOINDEX_FOLLOW","배뇨 변화 진료 질문 인쇄","부모의 방광/콩팥 신호 비교와 진료 준비에 의존","Local QA certified; see page-dossiers/tool-urinary-tract-infection-visit-card.md. Production freeze; final graph/Preview pending.","INTERNAL_HEURISTIC","NO","SEO_PAGE_CERTIFIED","INDEXED","Individual local usage/print/source QA completed; global after audit pending.","2026-09-06","True","False","0","62","3","True","2026-09-06 오후 3:58:42","False","False","6","481","18","NOT_AUDITED","NOT_AUDITED","NOT_AUDITED","reports/local/onurim-seo-v2/urinary-tract-infection-visit-card/seo-audit.json"
"https://www.biz2lab.com/health/trust/about","/health/trust/about","trust","INDEX_SUPPORT","INDEX_SUPPORT","오누림 운영 주체와 범위를 확인하는 브랜드 탐색","다른 정책을 종합하는 진입점","Local QA certified; see page-dossiers/trust-about.md. Production freeze; global graph/Preview pending.","INTERNAL_HEURISTIC: 브랜드 소개·운영 범위·정책 진입 의도; 기존 INDEX_UTILITY 명칭을 신뢰 설명용 INDEX_SUPPORT로 정규화, 기존 색인 허용 유지.","NO","SEO_PAGE_CERTIFIED","INDEXED","도구 질문 해당 없음","2026-09-06","True","True","0","67","0","True","2026-09-06 오후 4:49:11","True","True","0","209","15","NOT_AUDITED","NOT_AUDITED","NOT_AUDITED","reports/local/onurim-seo-v2/about/seo-audit.json"
"https://www.biz2lab.com/health/trust/advertising","/health/trust/advertising","trust","NOINDEX_FOLLOW","NOINDEX_FOLLOW","광고와 편집 독립성 고지","정책 확인용 짧은 문서; 광고 수익 검색정보 아님","footer에서 유지; AdSense 코드나 설정 변경 없음","INTERNAL_HEURISTIC","NO","PENDING","INDEXED","도구 질문 해당 없음","2026-09-06","True","True","0","61","0","False","NOT_AUDITED","NOT_AUDITED","NOT_AUDITED","NOT_AUDITED","NOT_AUDITED","NOT_AUDITED","NOT_AUDITED","NOT_AUDITED","NOT_AUDITED","NOT_AVAILABLE"
"https://www.biz2lab.com/health/trust/ai-disclosure","/health/trust/ai-disclosure","trust","INDEX_UTILITY","INDEX_UTILITY","오누림의 AI 사용과 인간 책임 구분 확인","출처·의료 검수와 AI 보조의 역할은 별도 브랜드 질문","합성 독자/실제 독자 구분; 편집·검수 정책 직접 링크","INTERNAL_HEURISTIC","NO","PENDING","INDEXED","도구 질문 해당 없음","2026-09-06","True","True","0","64","0","False","NOT_AUDITED","NOT_AUDITED","NOT_AUDITED","NOT_AUDITED","NOT_AUDITED","NOT_AUDITED","NOT_AUDITED","NOT_AUDITED","NOT_AUDITED","NOT_AVAILABLE"
"https://www.biz2lab.com/health/trust/author","/health/trust/author","trust","INDEX_SUPPORT","INDEX_SUPPORT","박영훈 작성자의 실제 역할 확인","소개보다 개인의 비의료 역할 책임을 특정","Local QA certified; see page-dossiers/trust-author.md. Production freeze; global graph/Preview pending.","INTERNAL_HEURISTIC: 오누림 작성자 한 사람의 비의료 역할·AI 사용·검수 한계 확인. ProfilePage/Person의 최소 사실만 표시; 기존 색인 허용 유지.","NO","SEO_PAGE_CERTIFIED","DISCOVERED_NOT_INDEXED","도구 질문 해당 없음","2026-09-06","True","True","0","70","0","True","2026-09-06 오후 4:59:14","True","True","0","200","16","NOT_AUDITED","NOT_AUDITED","NOT_AUDITED","reports/local/onurim-seo-v2/author/seo-audit.json"
"https://www.biz2lab.com/health/trust/contact","/health/trust/contact","trust","NOINDEX_FOLLOW","NOINDEX_FOLLOW","현재 공개 문의 채널 확인","정정 정책과 같은 Issues 채널 반복","Local QA certified; see page-dossiers/trust-contact.md. Production freeze; global graph/Preview pending.","INTERNAL_HEURISTIC: 정정 정책과 같은 문의 경로를 찾는 보조 안내. 독립 건강 검색 과제 없음; 공개 접근과 문맥 링크 유지, 접수 미검증 명시.","NO","SEO_PAGE_CERTIFIED","DISCOVERED_NOT_INDEXED","도구 질문 해당 없음","2026-09-06","True","True","0","63","0","True","2026-09-06 오후 4:55:21","False","False","0","152","15","NOT_AUDITED","NOT_AUDITED","NOT_AUDITED","reports/local/onurim-seo-v2/contact/seo-audit.json"
"https://www.biz2lab.com/health/trust/corrections-policy","/health/trust/corrections-policy","trust","INDEX_SUPPORT","INDEX_SUPPORT","오류 제보 경로와 정정할 정보 확인","문의와 겹치지만 정확한 수정 절차의 권위 페이지","Local QA certified; see page-dossiers/trust-corrections-policy.md. Production freeze; global graph/Preview pending.","INTERNAL_HEURISTIC: 브랜드 오류 정정의 자료·공개 게시 경계·수정 원칙; 접수 가능 미검증을 명시. 단순 연락처와 역할 구분; 기존 색인 유지.","NO","SEO_PAGE_CERTIFIED","INDEXED","도구 질문 해당 없음","2026-09-06","True","True","0","78","2","True","2026-09-06 오후 4:52:20","True","True","0","239","15","NOT_AUDITED","NOT_AUDITED","NOT_AUDITED","reports/local/onurim-seo-v2/corrections-policy/seo-audit.json"
"https://www.biz2lab.com/health/trust/disclaimer","/health/trust/disclaimer","trust","NOINDEX_FOLLOW","NOINDEX_FOLLOW","서비스 의료 한계 고지","각 글의 의료 한계와 중복된 짧은 약관성 페이지","footer와 관련 정책 링크 유지; 삭제 아님","INTERNAL_HEURISTIC","NO","PENDING","DISCOVERED_NOT_INDEXED","도구 질문 해당 없음","2026-09-06","True","True","0","68","0","False","NOT_AUDITED","NOT_AUDITED","NOT_AUDITED","NOT_AUDITED","NOT_AUDITED","NOT_AUDITED","NOT_AUDITED","NOT_AUDITED","NOT_AUDITED","NOT_AVAILABLE"
"https://www.biz2lab.com/health/trust/editorial-policy","/health/trust/editorial-policy","trust","INDEX_SUPPORT","INDEX_SUPPORT","건강 글의 작성·수정 절차 확인","출처 정책과 달리 변경·검증 단계 담당","Local QA certified; see page-dossiers/trust-editorial-policy.md. Production freeze; global graph/Preview pending.","INTERNAL_HEURISTIC: 브랜드 작성·수정 절차와 완료 상태의 구분. 질문별 구성·실제 날짜 원칙으로 보강; ENRICH_THEN_INDEX 해소, 원래 색인 허용 유지.","NO","SEO_PAGE_CERTIFIED","INDEXED","도구 질문 해당 없음","2026-09-06","True","True","0","62","0","True","2026-09-06 오후 5:03:11","True","True","0","265","16","NOT_AUDITED","NOT_AUDITED","NOT_AUDITED","reports/local/onurim-seo-v2/editorial-policy/seo-audit.json"
"https://www.biz2lab.com/health/trust/medical-review-policy","/health/trust/medical-review-policy","trust","NOINDEX_FOLLOW","NOINDEX_FOLLOW","현재 의료 검수 상태와 한계를 확인","독립 질환 해설 아닌 상태 고지; 검색보다 모든 글의 직접 연결 우선","검수 미완료 47 Claim 패킷 사실 보존; 모든 가이드에서 접근 가능","INTERNAL_HEURISTIC","NO","PENDING","DISCOVERED_NOT_INDEXED","도구 질문 해당 없음","2026-09-06","True","True","0","99","0","False","NOT_AUDITED","NOT_AUDITED","NOT_AUDITED","NOT_AUDITED","NOT_AUDITED","NOT_AUDITED","NOT_AUDITED","NOT_AUDITED","NOT_AUDITED","NOT_AVAILABLE"
"https://www.biz2lab.com/health/trust/privacy","/health/trust/privacy","trust","INDEX_UTILITY","INDEX_UTILITY","서비스명과 개인정보·광고 처리 방식을 확인","타 정책과 다른 데이터 처리 책임","현재 Google 측정/광고와 입력 미전송 사실 보존; 정책 링크 확인","INTERNAL_HEURISTIC","NO","PENDING","INDEXED","도구 질문 해당 없음","2026-09-06","True","True","0","140","0","False","NOT_AUDITED","NOT_AUDITED","NOT_AUDITED","NOT_AUDITED","NOT_AUDITED","NOT_AUDITED","NOT_AUDITED","NOT_AUDITED","NOT_AUDITED","NOT_AVAILABLE"
"https://www.biz2lab.com/health/trust/sources-policy","/health/trust/sources-policy","trust","INDEX_UTILITY","INDEX_UTILITY","사용하는 근거의 우선순위와 배제 기준 확인","편집 정책과 다른 근거 선정 질문","대표 근거와 의료 검토 정책의 직접 링크","INTERNAL_HEURISTIC","NO","PENDING","INDEXED","도구 질문 해당 없음","2026-09-06","True","True","0","59","0","False","NOT_AUDITED","NOT_AUDITED","NOT_AUDITED","NOT_AUDITED","NOT_AUDITED","NOT_AUDITED","NOT_AUDITED","NOT_AUDITED","NOT_AUDITED","NOT_AVAILABLE"
"https://www.biz2lab.com/health/trust/terms","/health/trust/terms","trust","NOINDEX_FOLLOW","NOINDEX_FOLLOW","사용 범위·재사용 한계 확인","이용계약성 고지; 독립 건강 검색 질문 없음","footer에서 지속 접근; 법률 내용 실질 변경 없음","INTERNAL_HEURISTIC","NO","PENDING","DISCOVERED_NOT_INDEXED","도구 질문 해당 없음","2026-09-06","True","True","0","61","0","False","NOT_AUDITED","NOT_AUDITED","NOT_AUDITED","NOT_AUDITED","NOT_AUDITED","NOT_AUDITED","NOT_AUDITED","NOT_AUDITED","NOT_AUDITED","NOT_AVAILABLE"
"https://www.biz2lab.com/health/type-2-diabetes","/health/type-2-diabetes","disease","INDEX_PRIMARY","INDEX_PRIMARY","질환별 이해·적절한 도움·진료 준비 또는 이를 찾는 주제 허브","개별 dossier에서 검증","페이지별 순차 개선·출처 대조·12개 인증 기준 QA","INTERNAL_HEURISTIC","NO","SEO_PAGE_CERTIFIED","INDEXED","도구 질문 해당 없음","2026-09-06","True","True","7","594","2","True","2026-09-06 오전 3:58:24","True","True","9","946","24","NOT_AUDITED","NOT_AUDITED","NOT_AUDITED","reports/local/onurim-seo-v2/type-2-diabetes/seo-audit.json"
"https://www.biz2lab.com/health/urinary-tract-infection","/health/urinary-tract-infection","disease","INDEX_PRIMARY","INDEX_PRIMARY","방광염·신우신염 관계와 소변검사·배양검사 질문 구분","위치 비교·두 검사 역할표·개인 상황과 남은 항생제 경계","독립 출처 대조·5폭QA·12개 인증 통과; 임상검수 아님","INTERNAL_HEURISTIC","NO","SEO_PAGE_CERTIFIED","DISCOVERED_NOT_INDEXED","도구 질문 해당 없음","2026-09-06","True","True","3","377","2","True","2026-09-06 오전 8:46:20","True","True","10","1333","21","NOT_AUDITED","NOT_AUDITED","NOT_AUDITED","reports/local/onurim-seo-v2/urinary-tract-infection/seo-audit.json"
