claim_id,article,section,claim,claim_type,primary_source,secondary_source,source_date,source_checked_by,medical_review_required,medical_review_status,last_verified,wording_risk,publication_status
HTN-001,high-blood-pressure,한눈에 보기,고혈압은 혈압이 지속해서 높은 상태를 말한다,DEFINITION,KR-003,,UNKNOWN,PENDING_HUMAN_SOURCE_CHECKER,YES,NOT_STARTED,2026-08-21,MEDIUM,PUBLICATION_BLOCKED
HTN-002,high-blood-pressure,한눈에 보기,고혈압은 특별한 증상이 없는 경우가 많다,SYMPTOM,KR-003,,UNKNOWN,PENDING_HUMAN_SOURCE_CHECKER,YES,NOT_STARTED,2026-08-21,MEDIUM,PUBLICATION_BLOCKED
HTN-003,high-blood-pressure,한눈에 보기,한 번 높게 나온 측정값만으로 독자가 스스로 진단해서는 안 된다,SELF_CARE_LIMIT,KR-003,,UNKNOWN,PENDING_HUMAN_SOURCE_CHECKER,YES,NOT_STARTED,2026-08-21,LOW,PUBLICATION_BLOCKED
HTN-004,high-blood-pressure,쉽게 말하면,높은 혈압이 오래 이어지면 혈관과 심장·뇌·콩팥에 부담을 줄 수 있다,RISK_FACTOR,KR-003,,UNKNOWN,PENDING_HUMAN_SOURCE_CHECKER,YES,NOT_STARTED,2026-08-21,MEDIUM,PUBLICATION_BLOCKED
HTN-005,high-blood-pressure,왜 놓치기 쉬운가,두통이 없다고 정상으로 단정하거나 두통·어지럼의 원인을 반드시 고혈압으로 단정할 수 없다,SELF_CARE_LIMIT,KR-003,,UNKNOWN,PENDING_HUMAN_SOURCE_CHECKER,YES,NOT_STARTED,2026-08-21,HIGH,PUBLICATION_BLOCKED
HTN-006,high-blood-pressure,측정 준비,측정 전 안정·등받이·발 위치·팔 지지·맞는 상완 커프가 올바른 측정 준비에 포함된다,PREVENTION,KR-003,,UNKNOWN,PENDING_HUMAN_SOURCE_CHECKER,YES,NOT_STARTED,2026-08-21,HIGH,PUBLICATION_BLOCKED
HTN-007,high-blood-pressure,응급 신호,갑작스러운 한쪽 마비·말 이상은 즉시 응급 도움을 요청해야 할 수 있다,EMERGENCY_SIGN,KR-017,KR-003,UNKNOWN,PENDING_HUMAN_SOURCE_CHECKER,YES,NOT_STARTED,2026-08-21,HIGH,PUBLICATION_BLOCKED
HTN-008,high-blood-pressure,응급 신호,심한 흉통·호흡곤란·의식 저하는 즉시 응급 도움을 요청해야 할 수 있다,EMERGENCY_SIGN,KR-018,KR-003,UNKNOWN,PENDING_HUMAN_SOURCE_CHECKER,YES,NOT_STARTED,2026-08-21,HIGH,PUBLICATION_BLOCKED
HTN-009,high-blood-pressure,의료기관 확인,의료진은 반복 측정과 환경·병력·복용 약을 함께 살피고 필요한 검사를 결정할 수 있다,TEST,KR-003,,UNKNOWN,PENDING_HUMAN_SOURCE_CHECKER,YES,NOT_STARTED,2026-08-21,MEDIUM,PUBLICATION_BLOCKED
HTN-010,high-blood-pressure,치료와 관리,생활 요소와 필요 시 약물 치료가 고혈압 관리에 함께 사용될 수 있다,TREATMENT_OVERVIEW,KR-003,,UNKNOWN,PENDING_HUMAN_SOURCE_CHECKER,YES,NOT_STARTED,2026-08-21,HIGH,PUBLICATION_BLOCKED
HTN-011,high-blood-pressure,치료와 관리,처방약을 증상이나 측정값만 보고 임의로 중단·변경하면 안 된다,SELF_CARE_LIMIT,KR-003,,UNKNOWN,PENDING_HUMAN_SOURCE_CHECKER,YES,NOT_STARTED,2026-08-21,HIGH,PUBLICATION_BLOCKED
DIA-001,type-2-diabetes,한눈에 보기,제2형 당뇨병은 혈액 속 포도당 조절 기능에 문제가 생긴 상태다,DEFINITION,KR-004,,UNKNOWN,PENDING_HUMAN_SOURCE_CHECKER,YES,NOT_STARTED,2026-08-21,MEDIUM,PUBLICATION_BLOCKED
DIA-002,type-2-diabetes,한눈에 보기,제2형 당뇨병은 초기에 뚜렷한 증상이 없을 수 있다,SYMPTOM,KR-004,,UNKNOWN,PENDING_HUMAN_SOURCE_CHECKER,YES,NOT_STARTED,2026-08-21,MEDIUM,PUBLICATION_BLOCKED
DIA-003,type-2-diabetes,한눈에 보기,증상 하나나 가정 측정 한 번으로 독자가 스스로 진단해서는 안 된다,SELF_CARE_LIMIT,KR-004,,UNKNOWN,PENDING_HUMAN_SOURCE_CHECKER,YES,NOT_STARTED,2026-08-21,LOW,PUBLICATION_BLOCKED
DIA-004,type-2-diabetes,쉽게 말하면,인슐린은 혈액 속 포도당이 세포에서 쓰이도록 돕고 제2형 당뇨병에서는 이 작용이 충분하지 않을 수 있다,DEFINITION,KR-004,,UNKNOWN,PENDING_HUMAN_SOURCE_CHECKER,YES,NOT_STARTED,2026-08-21,HIGH,PUBLICATION_BLOCKED
DIA-005,type-2-diabetes,증상,갈증·잦은 소변·피로·예상하지 않은 체중 변화 등이 나타날 수 있지만 증상이 없을 수도 있다,SYMPTOM,KR-004,,UNKNOWN,PENDING_HUMAN_SOURCE_CHECKER,YES,NOT_STARTED,2026-08-21,HIGH,PUBLICATION_BLOCKED
DIA-006,type-2-diabetes,위험 요인,가족력·나이·신체 활동·체중 분포·다른 대사 질환 등 여러 요인이 관련될 수 있다,RISK_FACTOR,KR-004,,UNKNOWN,PENDING_HUMAN_SOURCE_CHECKER,YES,NOT_STARTED,2026-08-21,HIGH,PUBLICATION_BLOCKED
DIA-007,type-2-diabetes,응급 신호,의식 변화·심한 구토와 탈수·급격한 상태 악화는 빠른 의료 도움이 필요할 수 있다,EMERGENCY_SIGN,KR-004,,UNKNOWN,PENDING_HUMAN_SOURCE_CHECKER,YES,NOT_STARTED,2026-08-21,HIGH,PUBLICATION_BLOCKED
DIA-008,type-2-diabetes,저혈당 신호,당뇨병 약 사용 중 식은땀·떨림·심한 혼란·의식 저하는 저혈당 가능성을 포함해 빠른 대응이 필요할 수 있다,EMERGENCY_SIGN,KR-004,,UNKNOWN,PENDING_HUMAN_SOURCE_CHECKER,YES,NOT_STARTED,2026-08-21,HIGH,PUBLICATION_BLOCKED
DIA-009,type-2-diabetes,검사,혈액 검사는 현재 또는 일정 기간의 혈당 상태를 확인하는 데 사용될 수 있다,TEST,KR-004,,UNKNOWN,PENDING_HUMAN_SOURCE_CHECKER,YES,NOT_STARTED,2026-08-21,MEDIUM,PUBLICATION_BLOCKED
DIA-010,type-2-diabetes,치료와 관리,식사·활동·수면·금연·정기검사와 필요 시 약물 치료가 관리에 사용될 수 있다,TREATMENT_OVERVIEW,KR-004,,UNKNOWN,PENDING_HUMAN_SOURCE_CHECKER,YES,NOT_STARTED,2026-08-21,HIGH,PUBLICATION_BLOCKED
DIA-011,type-2-diabetes,치료와 관리,처방약이나 인슐린을 기록값만 보고 임의로 줄이거나 중단하면 안 된다,SELF_CARE_LIMIT,KR-004,,UNKNOWN,PENDING_HUMAN_SOURCE_CHECKER,YES,NOT_STARTED,2026-08-21,HIGH,PUBLICATION_BLOCKED
DIA-012,type-2-diabetes,가족 지원,가족은 비난보다 기록·진료 질문·개인 응급 계획 준비를 지원할 수 있다,CAREGIVER_ACTION,KR-004,,UNKNOWN,PENDING_HUMAN_SOURCE_CHECKER,YES,NOT_STARTED,2026-08-21,MEDIUM,PUBLICATION_BLOCKED
STR-001,stroke,정의,뇌졸중은 뇌혈관이 막히거나 터져 뇌가 손상되는 응급질환이다,DEFINITION,KR-017,,UNKNOWN,PENDING_HUMAN_SOURCE_CHECKER,YES,NOT_STARTED,2026-08-21,HIGH,PUBLICATION_BLOCKED
STR-002,stroke,응급 신호,얼굴 한쪽 처짐·한쪽 팔이나 다리 힘 빠짐·말하기 또는 이해의 갑작스러운 변화는 즉시 119 도움을 요청할 신호다,EMERGENCY_SIGN,KR-017,,UNKNOWN,PENDING_HUMAN_SOURCE_CHECKER,YES,NOT_STARTED,2026-08-21,HIGH,PUBLICATION_BLOCKED
STR-003,stroke,응급 신호,증상이 시작된 시각 또는 마지막 정상 시각을 기록하고 증상이 좋아져도 평가를 미루지 않는다,CAREGIVER_ACTION,KR-017,,UNKNOWN,PENDING_HUMAN_SOURCE_CHECKER,YES,NOT_STARTED,2026-08-21,HIGH,PUBLICATION_BLOCKED
STR-004,stroke,자가 판단 한계,독자는 증상만으로 뇌경색과 뇌출혈을 구분할 수 없다,SELF_CARE_LIMIT,KR-017,,UNKNOWN,PENDING_HUMAN_SOURCE_CHECKER,YES,NOT_STARTED,2026-08-21,MEDIUM,PUBLICATION_BLOCKED
STR-005,stroke,증상,갑작스러운 시야 변화·균형 상실·매우 심한 두통도 뇌졸중 가능성을 포함한 응급 평가가 필요할 수 있다,SYMPTOM,KR-017,,UNKNOWN,PENDING_HUMAN_SOURCE_CHECKER,YES,NOT_STARTED,2026-08-21,HIGH,PUBLICATION_BLOCKED
STR-006,stroke,가족 행동,의심 시 직접 운전시키지 않고 음식·물·약을 임의로 주지 않으며 119 요청을 우선한다,CAREGIVER_ACTION,KR-017,,UNKNOWN,PENDING_HUMAN_SOURCE_CHECKER,YES,NOT_STARTED,2026-08-21,HIGH,PUBLICATION_BLOCKED
STR-007,stroke,검사,의료진은 신경학적 상태와 뇌 영상검사 등을 통해 혈관 막힘과 출혈 가능성을 확인한다,TEST,KR-017,,UNKNOWN,PENDING_HUMAN_SOURCE_CHECKER,YES,NOT_STARTED,2026-08-21,HIGH,PUBLICATION_BLOCKED
STR-008,stroke,치료 개요,치료는 뇌졸중 종류·증상 시작 시간·건강 상태에 따라 달라진다,TREATMENT_OVERVIEW,KR-017,,UNKNOWN,PENDING_HUMAN_SOURCE_CHECKER,YES,NOT_STARTED,2026-08-21,HIGH,PUBLICATION_BLOCKED
STR-009,stroke,회복 관리,급성 치료 뒤 재활·재발 위험 요인·처방약 관리가 이어질 수 있다,TREATMENT_OVERVIEW,KR-017,,UNKNOWN,PENDING_HUMAN_SOURCE_CHECKER,YES,NOT_STARTED,2026-08-21,HIGH,PUBLICATION_BLOCKED
STR-010,stroke,위험 요인,고혈압·당뇨병·이상지질혈증·흡연 등은 의료진과 함께 살필 재발 위험 요인이다,RISK_FACTOR,KR-017,,UNKNOWN,PENDING_HUMAN_SOURCE_CHECKER,YES,NOT_STARTED,2026-08-21,HIGH,PUBLICATION_BLOCKED
STR-011,stroke,약물 경계,뇌졸중 관련 약을 독자가 임의로 시작하거나 중단하면 안 된다,SELF_CARE_LIMIT,KR-017,,UNKNOWN,PENDING_HUMAN_SOURCE_CHECKER,YES,NOT_STARTED,2026-08-21,HIGH,PUBLICATION_BLOCKED
MI-001,myocardial-infarction,정의,심근경색은 심장 근육에 피를 공급하는 관상동맥이 막혀 손상이 생기는 응급질환이다,DEFINITION,KR-018,,UNKNOWN,PENDING_HUMAN_SOURCE_CHECKER,YES,NOT_STARTED,2026-08-21,HIGH,PUBLICATION_BLOCKED
MI-002,myocardial-infarction,응급 신호,심한 가슴 통증이나 압박감과 호흡곤란·식은땀·메스꺼움·실신 느낌이 있으면 119 도움을 요청해야 한다,EMERGENCY_SIGN,KR-018,,UNKNOWN,PENDING_HUMAN_SOURCE_CHECKER,YES,NOT_STARTED,2026-08-21,HIGH,PUBLICATION_BLOCKED
MI-003,myocardial-infarction,응급 행동,심근경색 의심 시 직접 운전하거나 원인을 자가 구분하며 기다리면 안 된다,CAREGIVER_ACTION,KR-018,,UNKNOWN,PENDING_HUMAN_SOURCE_CHECKER,YES,NOT_STARTED,2026-08-21,HIGH,PUBLICATION_BLOCKED
MI-004,myocardial-infarction,정의,관상동맥은 심장 근육에 산소가 든 피를 공급한다,DEFINITION,KR-018,,UNKNOWN,PENDING_HUMAN_SOURCE_CHECKER,YES,NOT_STARTED,2026-08-21,MEDIUM,PUBLICATION_BLOCKED
MI-005,myocardial-infarction,증상,가슴 불편감이 팔·어깨·등·목·턱으로 퍼지거나 호흡곤란·식은땀·메스꺼움·어지럼이 동반될 수 있다,SYMPTOM,KR-018,,UNKNOWN,PENDING_HUMAN_SOURCE_CHECKER,YES,NOT_STARTED,2026-08-21,HIGH,PUBLICATION_BLOCKED
MI-006,myocardial-infarction,증상 다양성,고령자·여성·당뇨병 환자 등에서는 전형적인 흉통이 뚜렷하지 않을 수 있다,SYMPTOM,KR-018,,UNKNOWN,PENDING_HUMAN_SOURCE_CHECKER,YES,NOT_STARTED,2026-08-21,HIGH,PUBLICATION_BLOCKED
MI-007,myocardial-infarction,가족 행동,의심 시 119를 우선하고 음식·약·민간요법을 임의로 주지 않으며 병력 준비로 신고를 늦추지 않는다,CAREGIVER_ACTION,KR-018,,UNKNOWN,PENDING_HUMAN_SOURCE_CHECKER,YES,NOT_STARTED,2026-08-21,HIGH,PUBLICATION_BLOCKED
MI-008,myocardial-infarction,응급처치,의식과 호흡이 없으면 119 지시에 따라 응급처치를 시작한다,EMERGENCY_SIGN,KR-018,,UNKNOWN,PENDING_HUMAN_SOURCE_CHECKER,YES,NOT_STARTED,2026-08-21,HIGH,PUBLICATION_BLOCKED
MI-009,myocardial-infarction,검사,의료진은 증상·진찰·심전도·혈액검사 등을 통해 심장 손상 가능성을 확인한다,TEST,KR-018,,UNKNOWN,PENDING_HUMAN_SOURCE_CHECKER,YES,NOT_STARTED,2026-08-21,HIGH,PUBLICATION_BLOCKED
MI-010,myocardial-infarction,회복 관리,급성 치료 뒤 처방약·심장 재활·금연과 심혈관 위험 요인 관리가 이어질 수 있다,TREATMENT_OVERVIEW,KR-018,,UNKNOWN,PENDING_HUMAN_SOURCE_CHECKER,YES,NOT_STARTED,2026-08-21,HIGH,PUBLICATION_BLOCKED
MI-011,myocardial-infarction,약물 경계,증상이 좋아져도 처방약이나 활동 수준을 독자가 임의로 변경하면 안 된다,SELF_CARE_LIMIT,KR-018,,UNKNOWN,PENDING_HUMAN_SOURCE_CHECKER,YES,NOT_STARTED,2026-08-21,HIGH,PUBLICATION_BLOCKED
