"id","file","exists","format","width","height","declared_width","declared_height","file_size_bytes","alt_text","caption","article_slug","article_relevance","exact_duplicate_count","nearest_visual_distance","duplicate_risk","loading_strategy","medical_accuracy","privacy","claim_ids","audit_result"
"VIS-HTN-B1-01","public/images/onurim/hypertension/hero.webp","true","webp","1536","1024","1536","1024","150824","집에서 혈압을 잰 뒤 기록표에 숫자와 시간을 적는 성인의 차분한 교육용 삽화","측정을 마친 뒤 원래 값을 적는 장면입니다. 측정하는 동안에는 쓰거나 움직이지 않습니다.","hypertension","ARTICLE_PATH_AND_CLAIM_MAPPED","0","20","LOW","NEXT_IMAGE_PRELOAD_HERO","CLAIM_MAPPING_PRESENT;LICENSED_REVIEW_COMPLETED=NO","PRIVACY_SAFE","HTN-B1-004|HTN-B1-008","PASS"
"VIS-HTN-B1-02","public/images/onurim/hypertension/process-v2.webp","true","webp","1536","1024","1536","1024","65206","혈관 내부에서 벽 쪽으로 향하는 화살표로 혈액이 혈관 벽을 미는 압력을 표현한 단순화 삽화","화살표는 혈관 안의 피가 벽을 미는 압력을 나타냅니다. 심장과 혈관의 연결·크기는 개념 설명용이며 실제 해부도나 진단 영상이 아닙니다.","hypertension","ARTICLE_PATH_AND_CLAIM_MAPPED","0","24","LOW","NEXT_IMAGE_DEFAULT_LAZY_BODY","SOURCE_CONCEPT_CHECKED;LICENSED_REVIEW_COMPLETED=NO","PRIVACY_SAFE","HTN-B1-001|HTN-B1-005","PASS"
"VIS-HTN-B1-03","public/images/onurim/hypertension/warning.webp","true","webp","1536","1024","1536","1024","127534","가슴 통증과 호흡곤란 갑작스러운 한쪽 힘 빠짐과 말 이상 시 119 도움을 우선하는 경고 삽화","갑작스러운 심한 증상이 있으면 측정을 반복하며 기다리지 말고 119에 도움을 요청합니다.","hypertension","ARTICLE_PATH_AND_CLAIM_MAPPED","0","18","LOW","NEXT_IMAGE_DEFAULT_LAZY_BODY","CLAIM_MAPPING_PRESENT;LICENSED_REVIEW_COMPLETED=NO","PRIVACY_SAFE","HTN-B1-011|HTN-B1-012","PASS"
"VIS-HTN-B1-04","public/images/onurim/hypertension/checklist.webp","true","webp","1024","1536","1024","1536","142652","등과 팔을 받치고 두 발을 바닥에 둔 채 맨팔 커프로 혈압을 재는 자세의 교육용 삽화","5분 휴식, 안정된 자세와 맞는 커프가 기록의 출발점입니다.","hypertension","ARTICLE_PATH_AND_CLAIM_MAPPED","0","24","LOW","NEXT_IMAGE_DEFAULT_LAZY_BODY","CLAIM_MAPPING_PRESENT;LICENSED_REVIEW_COMPLETED=NO","PRIVACY_SAFE","HTN-B1-006|HTN-B1-007|HTN-B1-008","PASS"
"VIS-DIA-B1-01","public/images/onurim/type-2-diabetes/hero.webp","true","webp","1536","1024","1536","1024","287692","식사와 활동 수면과 혈당 측정값을 관찰 기록지에 적는 다양한 연령의 가족 삽화","관찰 기록은 약을 바꾸는 계산표가 아니라 진료에서 질문할 맥락을 남기는 도구입니다.","type-2-diabetes","ARTICLE_PATH_AND_CLAIM_MAPPED","0","16","LOW","NEXT_IMAGE_PRELOAD_HERO","CLAIM_MAPPING_PRESENT;LICENSED_REVIEW_COMPLETED=NO","PRIVACY_SAFE","DIA-B1-006|DIA-B1-011","PASS"
"VIS-DIA-B1-02","public/images/onurim/type-2-diabetes/process.webp","true","webp","1536","1024","1536","1024","61466","포도당과 인슐린 신호가 세포의 에너지 사용과 연결되는 기본 흐름을 단순화한 삽화","점은 포도당, 빛 모양은 인슐린 신호를 상징합니다. 혈관이 세포에 직접 꽂히는 실제 구조가 아니라, 세포의 포도당 이용을 설명하는 비유입니다.","type-2-diabetes","ARTICLE_PATH_AND_CLAIM_MAPPED","0","13","LOW","NEXT_IMAGE_DEFAULT_LAZY_BODY","CLAIM_MAPPING_PRESENT;LICENSED_REVIEW_COMPLETED=NO","PRIVACY_SAFE","DIA-B1-001|DIA-B1-002","PASS"
"VIS-DIA-B1-03","public/images/onurim/type-2-diabetes/warning.webp","true","webp","1536","1024","1536","1024","156102","반복되는 구토와 호흡곤란 의식 변화가 있을 때 기록보다 응급 도움을 우선하는 경고 삽화","세 장면이 모두 나타날 때까지 기다리는 순서도가 아닙니다. 물도 유지하기 어려운 구토·호흡곤란·의식 변화에는 즉시 응급 도움을 받습니다.","type-2-diabetes","ARTICLE_PATH_AND_CLAIM_MAPPED","0","21","LOW","NEXT_IMAGE_DEFAULT_LAZY_BODY","CLAIM_MAPPING_PRESENT;LICENSED_REVIEW_COMPLETED=NO","PRIVACY_SAFE","DIA-B1-012","PASS"
"VIS-DIA-B1-04","public/images/onurim/type-2-diabetes/checklist.webp","true","webp","1024","1536","1024","1536","252202","당사자의 선택을 존중하며 검사 결과와 진료 질문을 함께 정리하는 가족 삽화","가족의 역할은 감시보다 동의, 기록 정리와 질문 준비입니다.","type-2-diabetes","ARTICLE_PATH_AND_CLAIM_MAPPED","0","12","LOW","NEXT_IMAGE_DEFAULT_LAZY_BODY","CLAIM_MAPPING_PRESENT;LICENSED_REVIEW_COMPLETED=NO","PRIVACY_SAFE","DIA-B1-010|DIA-B1-011|DIA-B1-013","PASS"
"VIS-AR-B2-01","public/images/onurim/allergic-rhinitis/hero.webp","true","webp","1536","1024","1536","1024","201876","실외와 실내에서 생긴 코와 눈의 변화를 관찰표에 적는 성인의 교육용 삽화","코·눈의 불편을 기억해 기록하는 장면입니다. 눈을 비비라는 사용법이나 원인 판정표가 아닙니다.","allergic-rhinitis","ARTICLE_PATH_AND_CLAIM_MAPPED","0","20","LOW","NEXT_IMAGE_PRELOAD_HERO","CLAIM_MAPPING_PRESENT;LICENSED_REVIEW_COMPLETED=NO","PRIVACY_SAFE","AR-B2-003|AR-B2-005","PASS"
"VIS-AR-B2-02","public/images/onurim/allergic-rhinitis/explainer.webp","true","webp","1536","1024","1536","1024","91096","실외 꽃가루와 실내 먼지처럼 보이는 입자가 단순화한 코 주변으로 향하는 교육용 삽화","입자가 코로 들어오는 관계만 단순화했습니다. 모든 먼지가 알레르겐이거나, 오른쪽 그림이 치료 뒤 좋아진 상태라는 뜻은 아닙니다.","allergic-rhinitis","ARTICLE_PATH_AND_CLAIM_MAPPED","0","19","LOW","NEXT_IMAGE_DEFAULT_LAZY_BODY","CLAIM_MAPPING_PRESENT;LICENSED_REVIEW_COMPLETED=NO","PRIVACY_SAFE","AR-B2-001|AR-B2-004","PASS"
"VIS-AR-B2-03","public/images/onurim/allergic-rhinitis/checklist.webp","true","webp","1024","1536","1024","1536","340854","성인 두 명이 창문과 옷, 표면 정리와 관찰표를 함께 살피는 교육용 삽화","창문·옷·표면과 증상 기록을 함께 살피는 장면입니다. 꽃가루가 높은 날 창문을 열라는 지시나 원인을 확정하는 검사표가 아닙니다.","allergic-rhinitis","ARTICLE_PATH_AND_CLAIM_MAPPED","0","12","LOW","NEXT_IMAGE_DEFAULT_LAZY_BODY","CLAIM_MAPPING_PRESENT;LICENSED_REVIEW_COMPLETED=NO","PRIVACY_SAFE","AR-B2-006|AR-B2-010|AR-B2-012","PASS"
"VIS-GERD-B2-01","public/images/onurim/gastroesophageal-reflux-disease/hero.webp","true","webp","1536","1024","1536","1024","174660","식사와 자세, 불편의 시간 흐름을 관찰 노트에 적는 성인의 교육용 삽화","식사·자세·증상 시각을 따로 기록하는 장면입니다. 식사 직후 눕기를 권하는 순서도가 아닙니다.","gastroesophageal-reflux-disease","ARTICLE_PATH_AND_CLAIM_MAPPED","0","14","LOW","NEXT_IMAGE_PRELOAD_HERO","CLAIM_MAPPING_PRESENT;LICENSED_REVIEW_COMPLETED=NO","PRIVACY_SAFE","GERD-B2-004|GERD-B2-005","PASS"
"VIS-GERD-B2-02","public/images/onurim/gastroesophageal-reflux-disease/explainer.webp","true","webp","1536","1024","1536","1024","53174","위 내용물이 식도 쪽으로 올라오는 흐름을 세 단계로 단순화한 교육용 삽화","위 내용물이 식도 쪽으로 이동하는 개념입니다. 세 장면은 필수 악화 단계가 아니며 흉부 불편의 원인을 판정하지 않습니다.","gastroesophageal-reflux-disease","ARTICLE_PATH_AND_CLAIM_MAPPED","0","17","LOW","NEXT_IMAGE_DEFAULT_LAZY_BODY","CLAIM_MAPPING_PRESENT;LICENSED_REVIEW_COMPLETED=NO","PRIVACY_SAFE","GERD-B2-001|GERD-B2-003","PASS"
"VIS-GERD-B2-03","public/images/onurim/gastroesophageal-reflux-disease/checklist.webp","true","webp","1024","1536","1024","1536","117570","두 성인이 식사 뒤 증상 시간표와 질문 카드를 함께 살피는 교육용 삽화","증상·자세·수면의 흐름을 함께 적어 의료진과 상의할 질문을 준비합니다.","gastroesophageal-reflux-disease","ARTICLE_PATH_AND_CLAIM_MAPPED","0","18","LOW","NEXT_IMAGE_DEFAULT_LAZY_BODY","CLAIM_MAPPING_PRESENT;LICENSED_REVIEW_COMPLETED=NO","PRIVACY_SAFE","GERD-B2-004|GERD-B2-009|GERD-B2-010","PASS"
"VIS-OA-B2-01","public/images/onurim/osteoarthritis/hero.webp","true","webp","1536","1024","1536","1024","180730","일상 활동 전후의 무릎 불편과 변화를 관찰 노트에 적는 성인의 교육용 삽화","활동 기록은 병명이나 치료를 스스로 결정하는 계산표가 아닙니다.","osteoarthritis","ARTICLE_PATH_AND_CLAIM_MAPPED","0","13","LOW","NEXT_IMAGE_PRELOAD_HERO","CLAIM_MAPPING_PRESENT;LICENSED_REVIEW_COMPLETED=NO","PRIVACY_SAFE","OA-B2-002|OA-B2-004","PASS"
"VIS-OA-B2-02","public/images/onurim/osteoarthritis/explainer.webp","true","webp","1536","1024","1536","1024","162856","관절의 뼈 끝과 완충 조직을 단순화해 보여 주는 교육용 삽화","관절의 여러 조직을 단순화한 그림이며 개인의 영상 검사나 상태를 보여 주지 않습니다.","osteoarthritis","ARTICLE_PATH_AND_CLAIM_MAPPED","0","14","LOW","NEXT_IMAGE_DEFAULT_LAZY_BODY","CLAIM_MAPPING_PRESENT;LICENSED_REVIEW_COMPLETED=NO","PRIVACY_SAFE","OA-B2-001|OA-B2-003","PASS"
"VIS-OA-B2-03","public/images/onurim/osteoarthritis/checklist.webp","true","webp","1024","1536","1024","1536","201188","두 성인이 일상 활동 기록과 질문 카드를 차분히 준비하는 교육용 삽화","가족은 통증을 판단하기보다 당사자의 기록과 질문 준비를 도울 수 있습니다.","osteoarthritis","ARTICLE_PATH_AND_CLAIM_MAPPED","0","22","LOW","NEXT_IMAGE_DEFAULT_LAZY_BODY","CLAIM_MAPPING_PRESENT;LICENSED_REVIEW_COMPLETED=NO","PRIVACY_SAFE","OA-B2-005|OA-B2-009|OA-B2-010","PASS"
"VIS-OP-B2-01","public/images/onurim/osteoporosis/hero.webp","true","webp","1536","1024","1536","1024","185422","성인이 골밀도와 낙상, 복용 약에 관한 진료 질문을 정리하는 교육용 삽화","질문 준비는 검사 결과를 혼자 해석하거나 치료를 정하는 일이 아닙니다.","osteoporosis","ARTICLE_PATH_AND_CLAIM_MAPPED","0","23","LOW","NEXT_IMAGE_PRELOAD_HERO","SOURCE_CONCEPT_CHECKED;LICENSED_REVIEW_COMPLETED=NO","PRIVACY_SAFE","OP-B2-004|OP-B2-005","PASS"
"VIS-OP-B2-02","public/images/onurim/osteoporosis/explainer.webp","true","webp","1536","1024","1536","1024","122994","뼈 내부 구조가 달라질 수 있다는 개념을 단순화해 보여 주는 교육용 삽화","두 뼈 단면은 내부 구조 차이의 개념입니다. 개인의 골밀도 결과나 걷기 전후의 치료 효과를 나타내지 않습니다.","osteoporosis","ARTICLE_PATH_AND_CLAIM_MAPPED","0","18","LOW","NEXT_IMAGE_DEFAULT_LAZY_BODY","SOURCE_CONCEPT_CHECKED;LICENSED_REVIEW_COMPLETED=NO","PRIVACY_SAFE","OP-B2-001|OP-B2-004","PASS"
"VIS-OP-B2-03","public/images/onurim/osteoporosis/checklist-v2.webp","true","webp","1024","1536","1024","1536","143456","뒤꿈치를 감싸는 신발, 비워 둔 통로, 벽 쪽 전선과 야간 조명을 살피고 질문을 준비하는 두 성인의 삽화","집안 점검은 낙상 위험을 줄이기 위한 한 부분이며 골절 예방을 보장하지 않습니다.","osteoporosis","ARTICLE_PATH_AND_CLAIM_MAPPED","0","18","LOW","NEXT_IMAGE_DEFAULT_LAZY_BODY","SOURCE_CONCEPT_CHECKED;LICENSED_REVIEW_COMPLETED=NO","PRIVACY_SAFE","OP-B2-006|OP-B2-010|OP-B2-012","PASS"
"VIS-DLP-P3-HERO","public/images/onurim/dyslipidemia/hero.webp","true","webp","1536","1024","1536","1024","18556","네 줄의 결과표와 건강 상담을 상징하는 표지가 있는 장식 삽화","표지 삽화의 색과 줄은 실제 검사값이나 정상·이상 판정이 아닙니다.","dyslipidemia","ARTICLE_PATH_AND_CLAIM_MAPPED","0","0","VISUAL_SIMILARITY_REVIEW","NEXT_IMAGE_PRELOAD_HERO","SOURCE_CONCEPT_CHECKED;LICENSED_REVIEW_COMPLETED=NO","PRIVACY_SAFE","DLP-P3-002|DLP-P3-003","PASS"
"VIS-DLP-P3-CONCEPT","public/images/onurim/dyslipidemia/concept-v2.webp","true","webp","1536","1024","1536","1024","170280","왼쪽 열린 동맥 단면과 오른쪽 혈관 벽 안쪽의 노란 플라크로 통로가 좁아진 단면을 비교한 개념도","오른쪽 노란 부분은 혈관 벽의 플라크를 상징합니다. 두 단면은 구조 차이의 예이며 누구나 거치는 단계나 치료 전후가 아닙니다. 실제 검사 영상·크기·협착률을 나타내지 않습니다.","dyslipidemia","ARTICLE_PATH_AND_CLAIM_MAPPED","0","8","LOW","NEXT_IMAGE_DEFAULT_LAZY_BODY","SOURCE_CONCEPT_CHECKED;LICENSED_REVIEW_COMPLETED=NO","PRIVACY_SAFE","DLP-P3-001|DLP-P3-003","PASS"
"VIS-DLP-P3-ACTION","public/images/onurim/dyslipidemia/action-v2.webp","true","webp","1536","1024","1536","1024","189530","두 성인이 이전과 이번의 네 항목 결과표를 나란히 놓고 별도 노트에 진료 질문을 적는 삽화","동의를 받고 결과표와 질문을 함께 정리하는 예입니다. 빈 줄과 시계는 실제 검사값·금식 시간이나 치료 판단 기준이 아닙니다.","dyslipidemia","ARTICLE_PATH_AND_CLAIM_MAPPED","0","18","LOW","NEXT_IMAGE_DEFAULT_LAZY_BODY","SOURCE_CONCEPT_CHECKED;LICENSED_REVIEW_COMPLETED=NO","PRIVACY_SAFE","DLP-P3-003|DLP-P3-004","PASS"
"VIS-OBS-P3-HERO","public/images/onurim/obesity/hero.webp","true","webp","1536","1024","1536","1024","18344","기록 용지와 원형 표지로 건강 상담 준비를 상징하는 장식 삽화","표지의 색과 원은 개인 체형이나 체지방률·진단 결과를 뜻하지 않습니다.","obesity","ARTICLE_PATH_AND_CLAIM_MAPPED","0","1","VISUAL_SIMILARITY_REVIEW","NEXT_IMAGE_PRELOAD_HERO","SOURCE_CONCEPT_CHECKED;LICENSED_REVIEW_COMPLETED=NO","PRIVACY_SAFE","OBS-P3-002|OBS-P3-003","PASS"
"VIS-OBS-P3-CONCEPT","public/images/onurim/obesity/concept-v2.webp","true","webp","1536","1024","1536","1024","224600","복부 단면에서 근육 벽 바깥의 피하지방과 벽 안 장 사이의 내장·장간막 지방 위치를 구분한 개념도","바깥쪽 노란 층은 피부 아래·근육 벽 밖의 피하지방, 안쪽 장 사이 노란 부분은 내장·장간막 지방을 상징합니다. 위치를 단순화한 그림이며 실제 검사 영상·지방량·정상 기준이 아닙니다. BMI나 허리둘레만으로 이 모양을 알 수는 없습니다.","obesity","ARTICLE_PATH_AND_CLAIM_MAPPED","0","10","LOW","NEXT_IMAGE_DEFAULT_LAZY_BODY","SOURCE_CONCEPT_CHECKED;LICENSED_REVIEW_COMPLETED=NO","PRIVACY_SAFE","OBS-P3-001|OBS-P3-002","PASS"
"VIS-OBS-P3-ACTION","public/images/onurim/obesity/action-v2.webp","true","webp","1536","1024","1536","1024","242684","가족이 식사 준비를 나누는 장면, 조용한 침실을 지키는 장면, 성인 두 사람이 평평한 길에서 동행하는 장면","동의를 받고 식사 준비·휴식 여건·가능한 동행을 돕는 예입니다. 그림의 음식과 활동은 정해진 식단·운동량이나 감량 효과를 뜻하지 않으며 개인의 상태와 선택에 따라 달라집니다.","obesity","ARTICLE_PATH_AND_CLAIM_MAPPED","0","12","LOW","NEXT_IMAGE_DEFAULT_LAZY_BODY","SOURCE_CONCEPT_CHECKED;LICENSED_REVIEW_COMPLETED=NO","PRIVACY_SAFE","OBS-P3-003|OBS-P3-004","PASS"
"VIS-MASLD-P3-HERO","public/images/onurim/metabolic-dysfunction-associated-steatotic-liver-disease/hero.webp","true","webp","1536","1024","1536","1024","17442","네 줄의 기록 용지와 상담 준비를 상징하는 보라색 장식 표지 삽화","표지의 색과 줄은 실제 간 검사 결과나 의료 검수 완료 표시가 아닙니다.","metabolic-dysfunction-associated-steatotic-liver-disease","ARTICLE_PATH_AND_CLAIM_MAPPED","0","0","VISUAL_SIMILARITY_REVIEW","NEXT_IMAGE_PRELOAD_HERO","SOURCE_CONCEPT_CHECKED;LICENSED_REVIEW_COMPLETED=NO","PRIVACY_SAFE","MASLD-P3-002|MASLD-P3-003","PASS"
"VIS-MASLD-P3-CONCEPT","public/images/onurim/metabolic-dysfunction-associated-steatotic-liver-disease/concept-v2.webp","true","webp","1536","1024","1536","1024","137308","왼쪽 간세포 안의 노란 지방 방울, 가운데 부푼 세포와 주변 염증세포, 오른쪽 세포 사이의 푸른 섬유조직을 구분한 개념도","왼쪽은 지방 축적, 가운데는 염증·세포 손상, 오른쪽은 섬유화를 단순화했습니다. 함께 나타날 수 있는 서로 다른 특징이며 누구나 순서대로 겪는 단계가 아닙니다. 실제 조직검사 영상·등급·치료 전후가 아닙니다.","metabolic-dysfunction-associated-steatotic-liver-disease","ARTICLE_PATH_AND_CLAIM_MAPPED","0","7","LOW","NEXT_IMAGE_DEFAULT_LAZY_BODY","SOURCE_CONCEPT_CHECKED;LICENSED_REVIEW_COMPLETED=NO","PRIVACY_SAFE","MASLD-P3-001|MASLD-P3-003","PASS"
"VIS-MASLD-P3-ACTION","public/images/onurim/metabolic-dysfunction-associated-steatotic-liver-disease/action-v2.webp","true","webp","1536","1024","1536","1024","156014","성인 한 명이 혈액검사 결과지와 초음파 보고서 폴더를 옆에 놓고 별도 노트에 질문을 정리하는 생성 이미지","실제 환자 사진이 아닌 AI 생성 상황 예시입니다. 결과지의 빈칸·표지는 실제 값이나 판독이 아니며, 뒤쪽 약·보충제 포장은 목록을 준비한다는 뜻이지 복용 권장이 아닙니다.","metabolic-dysfunction-associated-steatotic-liver-disease","ARTICLE_PATH_AND_CLAIM_MAPPED","0","21","LOW","NEXT_IMAGE_DEFAULT_LAZY_BODY","SOURCE_CONCEPT_CHECKED;LICENSED_REVIEW_COMPLETED=NO","PRIVACY_SAFE","MASLD-P3-003|MASLD-P3-004","PASS"
"VIS-IBS-P3-HERO","public/images/onurim/irritable-bowel-syndrome/hero.webp","true","webp","1536","1024","1536","1024","17484","네 줄의 메모 용지와 상담 준비를 상징하는 갈색 장식 표지 삽화","표지의 줄과 십자 모양은 진단 결과나 의료인 검수 완료 표시가 아닙니다.","irritable-bowel-syndrome","ARTICLE_PATH_AND_CLAIM_MAPPED","0","0","VISUAL_SIMILARITY_REVIEW","NEXT_IMAGE_PRELOAD_HERO","SOURCE_CONCEPT_CHECKED;LICENSED_REVIEW_COMPLETED=NO","PRIVACY_SAFE","IBS-P3-002|IBS-P3-003","PASS"
"VIS-IBS-P3-CONCEPT","public/images/onurim/irritable-bowel-syndrome/concept-v2.webp","true","webp","1536","1024","1536","1024","37554","머리의 뇌와 복부의 장 사이에 위쪽과 아래쪽을 향한 두 화살표가 놓인 장-뇌 상호작용 개념도","화살표는 장과 뇌의 양방향 소통을 단순화한 상징이며 실제 신경의 위치나 음식 이동 경로가 아닙니다. IBS와 관련된 여러 요인 중 일부로, 마음가짐 탓이거나 개인의 원인을 확정한다는 뜻이 아닙니다.","irritable-bowel-syndrome","ARTICLE_PATH_AND_CLAIM_MAPPED","0","12","LOW","NEXT_IMAGE_DEFAULT_LAZY_BODY","SOURCE_CONCEPT_CHECKED;LICENSED_REVIEW_COMPLETED=NO","PRIVACY_SAFE","IBS-P3-001|IBS-P3-003","PASS"
"VIS-IBS-P3-ACTION","public/images/onurim/irritable-bowel-syndrome/action-v2.webp","true","webp","1536","1024","1536","1024","224820","화장실 문 앞에서 복부의 느낌을 살피는 성인과 책상에서 그 변화를 노트에 적는 같은 인물의 두 장면 삽화","관찰과 기록을 연결한 가상 장면으로 실제 환자나 치료 전후가 아닙니다. 배변 뒤 통증이 덜하거나 더하거나 비슷한 경우 모두 그대로 적습니다. 컵·시계는 특정 음료나 기록 시간을 권하는 뜻이 아닙니다.","irritable-bowel-syndrome","ARTICLE_PATH_AND_CLAIM_MAPPED","0","13","LOW","NEXT_IMAGE_DEFAULT_LAZY_BODY","SOURCE_CONCEPT_CHECKED;LICENSED_REVIEW_COMPLETED=NO","PRIVACY_SAFE","IBS-P3-004|IBS-P3-005","PASS"
"VIS-AST-P3-HERO","public/images/onurim/asthma/hero.webp","true","webp","1536","1024","1536","1024","19118","네 줄의 메모 용지와 상담 준비를 상징하는 파란색 장식 표지 삽화","표지의 줄과 십자 모양은 폐기능 결과나 의료인 검수 완료 표시가 아닙니다.","asthma","ARTICLE_PATH_AND_CLAIM_MAPPED","0","0","VISUAL_SIMILARITY_REVIEW","NEXT_IMAGE_PRELOAD_HERO","SOURCE_CONCEPT_CHECKED;LICENSED_REVIEW_COMPLETED=NO","PRIVACY_SAFE","AST-P3-002|AST-P3-003","PASS"
"VIS-AST-P3-CONCEPT","public/images/onurim/asthma/concept-v2.webp","true","webp","1536","1024","1536","1024","129074","넓게 열린 기도 단면과 안쪽 벽의 부종·바깥 근육의 수축·안쪽 점액으로 통로가 좁아진 기도 단면을 나란히 비교한 개념도","왼쪽은 열린 기도, 오른쪽은 벽의 부종과 주변 근육 수축, 안쪽의 옅은 노란 점액을 단순화한 모습입니다. 실제 조직검사나 막힌 비율·치료 전후·필연적 진행 단계가 아닙니다.","asthma","ARTICLE_PATH_AND_CLAIM_MAPPED","0","8","LOW","NEXT_IMAGE_DEFAULT_LAZY_BODY","SOURCE_CONCEPT_CHECKED;LICENSED_REVIEW_COMPLETED=NO","PRIVACY_SAFE","AST-P3-001|AST-P3-003","PASS"
"VIS-AST-P3-ACTION","public/images/onurim/asthma/action-v2.webp","true","webp","1536","1024","1536","1024","77258","진료를 상징하는 가상 장면에서 두 성인이 계획서의 한 부분을 함께 확인하고 질문을 별도 노트에 적는 생성 이미지","실제 환자·검수자 사진이 아닌 AI 생성 상담 장면입니다. 문서의 줄·도형은 처방 내용이 아니고, 회색 기기는 종류·역할·사용량을 권하는 제품이 아닙니다. 심한 호흡곤란에는 계획서를 찾기보다 119가 먼저입니다.","asthma","ARTICLE_PATH_AND_CLAIM_MAPPED","0","21","LOW","NEXT_IMAGE_DEFAULT_LAZY_BODY","SOURCE_CONCEPT_CHECKED;LICENSED_REVIEW_COMPLETED=NO","PRIVACY_SAFE","AST-P3-004|AST-P3-005","PASS"
"VIS-OSA-P3-HERO","public/images/onurim/sleep-apnea/hero.webp","true","webp","1536","1024","1536","1024","17178","메모 용지와 상담 준비를 상징하는 초록색 장식 표지 삽화","표지의 선·십자 모양은 수면검사 결과나 의료인 검수 완료 표시가 아닙니다.","sleep-apnea","ARTICLE_PATH_AND_CLAIM_MAPPED","0","0","VISUAL_SIMILARITY_REVIEW","NEXT_IMAGE_PRELOAD_HERO","SOURCE_CONCEPT_CHECKED;LICENSED_REVIEW_COMPLETED=NO","PRIVACY_SAFE","OSA-P3-002|OSA-P3-003","PASS"
"VIS-OSA-P3-CONCEPT","public/images/onurim/sleep-apnea/concept-v2.webp","true","webp","1536","1024","1536","1024","164602","코와 입 뒤쪽의 열린 인두 공간과 혀·연구개 뒤의 공간이 좁아진 모습을 나란히 보여 주는 상기도 개념도","폐쇄성 수면무호흡의 상기도 좁아짐만 단순화한 비교입니다. 청록색은 빈 공기 공간을 강조한 색이지 실제 조직 색이 아닙니다. 중추성 원인·개인 진단·협착률·진행 단계·치료 전후를 보여 주지 않으며 아래쪽 후두와 기관은 생략했습니다.","sleep-apnea","ARTICLE_PATH_AND_CLAIM_MAPPED","0","13","LOW","NEXT_IMAGE_DEFAULT_LAZY_BODY","SOURCE_CONCEPT_CHECKED;LICENSED_REVIEW_COMPLETED=NO","PRIVACY_SAFE","OSA-P3-001|OSA-P3-003","PASS"
"VIS-OSA-P3-ACTION","public/images/onurim/sleep-apnea/action-v2.webp","true","webp","1536","1024","1536","1024","172174","가정의 식탁에서 두 가상 성인이 각자의 노트를 두고 밤의 관찰과 낮의 경험을 서로 이야기하는 AI 생성 장면","실제 환자·검수자 사진이 아닌 AI 생성 장면입니다. 동의한 상대와 관찰·질문을 나누는 선택적 예시이며, 노트의 선은 진료 기록이나 검사 수치가 아닙니다. 가족의 감시·녹음·대리 진단을 권하지 않습니다.","sleep-apnea","ARTICLE_PATH_AND_CLAIM_MAPPED","0","19","LOW","NEXT_IMAGE_DEFAULT_LAZY_BODY","SOURCE_CONCEPT_CHECKED;LICENSED_REVIEW_COMPLETED=NO","PRIVACY_SAFE","OSA-P3-004|OSA-P3-005","PASS"
"VIS-GOUT-P3-HERO","public/images/onurim/gout/hero.webp","true","webp","1536","1024","1536","1024","16556","진료 메모와 상담 준비를 상징하는 자주색 장식 표지 삽화","표지의 선과 십자 모양은 요산 검사 결과나 의료인 검수 완료 표시가 아닙니다.","gout","ARTICLE_PATH_AND_CLAIM_MAPPED","0","2","VISUAL_SIMILARITY_REVIEW","NEXT_IMAGE_PRELOAD_HERO","SOURCE_CONCEPT_CHECKED;LICENSED_REVIEW_COMPLETED=NO","PRIVACY_SAFE","GOUT-P3-002|GOUT-P3-003","PASS"
"VIS-GOUT-P3-CONCEPT","public/images/onurim/gout/concept-v2.webp","true","webp","1536","1024","1536","1024","96338","관절 공간의 작은 요산염 결정 기호와 별도 원 안의 혈액 검체를 나란히 보여 주는 비교 개념도","왼쪽은 관절 안과 주변의 요산염 결정을 단순화한 개념도, 오른쪽은 혈액 요산검사의 상징입니다. 혈액검사로 관절 결정을 직접 관찰하는 것은 아닙니다. 실제 모양·크기·수치나 개인 진단·필수 진행 단계·치료 전후를 보여 주지 않습니다.","gout","ARTICLE_PATH_AND_CLAIM_MAPPED","0","13","LOW","NEXT_IMAGE_DEFAULT_LAZY_BODY","SOURCE_CONCEPT_CHECKED;LICENSED_REVIEW_COMPLETED=NO","PRIVACY_SAFE","GOUT-P3-001|GOUT-P3-003","PASS"
"VIS-GOUT-P3-ACTION","public/images/onurim/gout/action-v2.webp","true","webp","1536","1024","1536","1024","61580","이번 통증과 다음 관리라는 두 제목 아래 관절과 빈 달력 기호를 놓은 진료 질문용 노트 삽화","현재 통증 대응과 장기 관리에 관해 물어볼 질문을 나누는 빈 메모입니다. 치료 순서·방문 간격·약의 시작 또는 중단 시점을 정하지 않습니다. 급한 변화가 있을 때는 메모보다 진료가 먼저입니다.","gout","ARTICLE_PATH_AND_CLAIM_MAPPED","0","17","LOW","NEXT_IMAGE_DEFAULT_LAZY_BODY","SOURCE_CONCEPT_CHECKED;LICENSED_REVIEW_COMPLETED=NO","PRIVACY_SAFE","GOUT-P3-004|GOUT-P3-005","PASS"
"VIS-MIG-P3-HERO","public/images/onurim/migraine/hero.webp","true","webp","1536","1024","1536","1024","18664","진료 메모와 상담 준비를 상징하는 초록·노랑 장식 표지 삽화","표지의 선과 십자 모양은 뇌 검사 결과나 의료인 검수 완료 표시가 아닙니다.","migraine","ARTICLE_PATH_AND_CLAIM_MAPPED","0","0","VISUAL_SIMILARITY_REVIEW","NEXT_IMAGE_PRELOAD_HERO","SOURCE_CONCEPT_CHECKED;LICENSED_REVIEW_COMPLETED=NO","PRIVACY_SAFE","MIG-P3-002|MIG-P3-003","PASS"
"VIS-MIG-P3-CONCEPT","public/images/onurim/migraine/concept-v2.webp","true","webp","1536","1024","1536","1024","154964","가상 성인 곁에 빛·소리, 메스꺼움, 피로와 휴식을 상징하는 작은 장면을 배치한 편두통 동반 변화 삽화","빛·소리 민감성, 메스꺼움, 피로를 상징한 AI 생성 삽화입니다. 전구는 전조의 섬광, 위 모양은 장기 손상, 누운 모습은 치료 효과를 뜻하지 않습니다. 모두에게 필요한 단계나 진단 기준이 아니며, 새 신경 증상을 잠으로 넘기라는 안내가 아닙니다.","migraine","ARTICLE_PATH_AND_CLAIM_MAPPED","0","12","LOW","NEXT_IMAGE_DEFAULT_LAZY_BODY","SOURCE_CONCEPT_CHECKED;LICENSED_REVIEW_COMPLETED=NO","PRIVACY_SAFE","MIG-P3-001|MIG-P3-003","PASS"
"VIS-MIG-P3-ACTION","public/images/onurim/migraine/action-v2.webp","true","webp","1536","1024","1536","1024","74934","가상 성인이 두통 기록과 약 사용 기록이라는 빈 양식 앞에서 연필을 든 AI 생성 장면","실제 환자·진료 기록이 아닌 AI 생성 장면입니다. 두통과 이미 사용한 약을 설명하는 빈 기록 예시이지 약을 먹을 날짜·횟수·용량을 정하는 일정표가 아닙니다. 응급 신호가 있으면 작성보다 도움 요청이 먼저입니다.","migraine","ARTICLE_PATH_AND_CLAIM_MAPPED","0","10","LOW","NEXT_IMAGE_DEFAULT_LAZY_BODY","SOURCE_CONCEPT_CHECKED;LICENSED_REVIEW_COMPLETED=NO","PRIVACY_SAFE","MIG-P3-004|MIG-P3-005","PASS"
"VIS-KST-P3-HERO","public/images/onurim/kidney-stones/hero.webp","true","webp","1536","1024","1536","1024","18450","진료 메모와 상담 준비를 상징하는 파랑·주황 장식 표지 삽화","표지의 선과 십자 모양은 콩팥 검사 결과나 의료인 검수 완료 표시가 아닙니다.","kidney-stones","ARTICLE_PATH_AND_CLAIM_MAPPED","0","0","VISUAL_SIMILARITY_REVIEW","NEXT_IMAGE_PRELOAD_HERO","SOURCE_CONCEPT_CHECKED;LICENSED_REVIEW_COMPLETED=NO","PRIVACY_SAFE","KST-P3-002|KST-P3-003","PASS"
"VIS-KST-P3-CONCEPT","public/images/onurim/kidney-stones/concept-v2.webp","true","webp","1536","1024","1536","1024","88570","두 콩팥에서 각각의 요관이 방광으로 이어지고 요도가 아래로 나오는 구조와 결석 위치 예시를 보여주는 삽화","소변길과 서로 다른 결석 위치 예시를 단순화한 AI 생성 삽화입니다. 원 안은 표시한 요관 결석의 부분 확대이며 추가 결석이 아닙니다. 실제 기관 비율·결석 크기나 개수·막힌 정도를 판정하거나 같은 돌의 이동 단계·자연 배출을 보장하는 그림이 아닙니다.","kidney-stones","ARTICLE_PATH_AND_CLAIM_MAPPED","0","17","LOW","NEXT_IMAGE_DEFAULT_LAZY_BODY","SOURCE_CONCEPT_CHECKED;LICENSED_REVIEW_COMPLETED=NO","PRIVACY_SAFE","KST-P3-001|KST-P3-003","PASS"
"VIS-KST-P3-ACTION","public/images/onurim/kidney-stones/action-v2.webp","true","webp","1536","1024","1536","1024","124762","위치와 크기, 막힘과 감염, 배출 확인, 성분과 예방을 묻는 빈 검사 후 질문 양식 삽화","진료 설명을 확인하기 위한 빈 양식의 AI 생성 삽화입니다. 실제 검사 결과나 치료 순서·일정표가 아니며, 급한 변화가 있으면 작성보다 의료 도움 요청이 먼저입니다.","kidney-stones","ARTICLE_PATH_AND_CLAIM_MAPPED","0","10","LOW","NEXT_IMAGE_DEFAULT_LAZY_BODY","SOURCE_CONCEPT_CHECKED;LICENSED_REVIEW_COMPLETED=NO","PRIVACY_SAFE","KST-P3-004|KST-P3-005","PASS"
"VIS-UTI-P3-HERO","public/images/onurim/urinary-tract-infection/hero.webp","true","webp","1536","1024","1536","1024","17488","상담 메모와 준비를 상징하는 보라·모래색 장식 표지 삽화","표지의 선과 십자 모양은 소변검사 결과나 의료인 검수 완료 표시가 아닙니다.","urinary-tract-infection","ARTICLE_PATH_AND_CLAIM_MAPPED","0","0","VISUAL_SIMILARITY_REVIEW","NEXT_IMAGE_PRELOAD_HERO","SOURCE_CONCEPT_CHECKED;LICENSED_REVIEW_COMPLETED=NO","PRIVACY_SAFE","UTI-P3-002|UTI-P3-003","PASS"
"VIS-UTI-P3-CONCEPT","public/images/onurim/urinary-tract-infection/concept-v2.webp","true","webp","1536","1024","1536","1024","42656","서로 분리된 두 소변길 그림에서 방광과 한쪽 콩팥을 각각 강조한 위치 예시","방광과 콩팥의 위치를 비교한 AI 생성 삽화입니다. 필수 진행 단계나 서로 배타적인 상태가 아니며, 한쪽 콩팥만 감염된다는 뜻도 아닙니다. 색과 기관 비율은 실제 감염 범위·손상·중증도·검사 결과를 나타내지 않습니다.","urinary-tract-infection","ARTICLE_PATH_AND_CLAIM_MAPPED","0","17","LOW","NEXT_IMAGE_DEFAULT_LAZY_BODY","SOURCE_CONCEPT_CHECKED;LICENSED_REVIEW_COMPLETED=NO","PRIVACY_SAFE","UTI-P3-001|UTI-P3-002","PASS"
"VIS-UTI-P3-ACTION","public/images/onurim/urinary-tract-infection/action-v2.webp","true","webp","1536","1024","1536","1024","109204","소변검사라는 제목 아래 현미경, 배양검사라는 제목 아래 배양접시를 나란히 놓은 삽화","검사의 역할을 질문하기 위한 AI 생성 상징 삽화입니다. 현미경은 소변검사의 일부 방법을, 접시는 배양검사를 상징합니다. 실제 검체·검사 결과나 음성 판정이 아니며, 필수 검사 조합·순서·대기시간·검사 수행법을 안내하지 않습니다.","urinary-tract-infection","ARTICLE_PATH_AND_CLAIM_MAPPED","0","17","LOW","NEXT_IMAGE_DEFAULT_LAZY_BODY","SOURCE_CONCEPT_CHECKED;LICENSED_REVIEW_COMPLETED=NO","PRIVACY_SAFE","UTI-P3-003","PASS"
"VIS-DEP-P3-HERO","public/images/onurim/depression/hero.webp","true","webp","1536","1024","1536","1024","17504","메모와 도움 연결을 상징하는 초록·갈색 장식 표지 삽화","표지의 도형은 심리검사 결과나 의료인 검수 완료 표시가 아닙니다.","depression","ARTICLE_PATH_AND_CLAIM_MAPPED","0","0","VISUAL_SIMILARITY_REVIEW","NEXT_IMAGE_PRELOAD_HERO","SOURCE_CONCEPT_CHECKED;LICENSED_REVIEW_COMPLETED=NO","PRIVACY_SAFE","DEP-P3-002|DEP-P3-003","PASS"
"VIS-DEP-P3-CONCEPT","public/images/onurim/depression/concept-v2.webp","true","webp","1536","1024","1536","1024","98292","잠·식사·흥미·집중을 각각 침구·그릇·스케치북·펼친 책으로 표현한 삽화","진료에서 이야기할 생활 영역 일부의 AI 생성 상징 삽화입니다. 잠과 식욕은 늘거나 줄 수 있고, 네 영역 모두가 필요한 진단 기준·점수표가 아닙니다. 음식·독서·휴식의 치료 효과나 회복을 보장하지 않습니다.","depression","ARTICLE_PATH_AND_CLAIM_MAPPED","0","20","LOW","NEXT_IMAGE_DEFAULT_LAZY_BODY","SOURCE_CONCEPT_CHECKED;LICENSED_REVIEW_COMPLETED=NO","PRIVACY_SAFE","DEP-P3-001|DEP-P3-002","PASS"
"VIS-DEP-P3-ACTION","public/images/onurim/depression/action-v2.webp","true","webp","1536","1024","1536","1024","283226","서로 같은 눈높이의 의자에 앉아 한 사람이 말하고 다른 사람이 듣는 두 성인의 대화 삽화","경청과 도움 연결을 설명하는 AI 생성 장면입니다. 실제 환자나 의료인이 아니며, 가족 대화만으로 치료되거나 위기를 해결한다는 뜻이 아닙니다. 급한 위험에는 대화보다 긴급 도움 연결을 우선합니다.","depression","ARTICLE_PATH_AND_CLAIM_MAPPED","0","20","LOW","NEXT_IMAGE_DEFAULT_LAZY_BODY","SOURCE_CONCEPT_CHECKED;LICENSED_REVIEW_COMPLETED=NO","PRIVACY_SAFE","DEP-P3-004","PASS"
"VIS-ANX-P3-HERO","public/images/onurim/anxiety-disorder/hero.webp","true","webp","1536","1024","1536","1024","18952","메모와 도움 연결을 상징하는 파랑·갈색 장식 표지 삽화","표지 도형은 불안의 검사 결과나 의료인 검수 완료 표시가 아닙니다.","anxiety-disorder","ARTICLE_PATH_AND_CLAIM_MAPPED","0","0","VISUAL_SIMILARITY_REVIEW","NEXT_IMAGE_PRELOAD_HERO","SOURCE_CONCEPT_CHECKED;LICENSED_REVIEW_COMPLETED=NO","PRIVACY_SAFE","ANX-P3-002|ANX-P3-003","PASS"
"VIS-ANX-P3-CONCEPT","public/images/onurim/anxiety-disorder/concept-v2.webp","true","webp","1536","1024","1536","1024","229566","이어지는 걱정·갑작스러운 두려움·특정 상황의 불안을 서로 다른 일상 장면으로 표현한 삽화","서로 겹칠 수도 있는 불안 경험 일부를 표현한 AI 생성 가상 장면입니다. 세 장면이 모든 종류·서로 배타적인 진단·악화 단계는 아닙니다. 표정이나 몸의 느낌만으로 공황과 신체 질환을 구별하는 그림도 아닙니다.","anxiety-disorder","ARTICLE_PATH_AND_CLAIM_MAPPED","0","7","LOW","NEXT_IMAGE_DEFAULT_LAZY_BODY","SOURCE_CONCEPT_CHECKED;LICENSED_REVIEW_COMPLETED=NO","PRIVACY_SAFE","ANX-P3-001|ANX-P3-003","PASS"
"VIS-ANX-P3-ACTION","public/images/onurim/anxiety-disorder/action-v2.webp","true","webp","1536","1024","1536","1024","221782","언제·몸·피한 일·생활이라는 제목 아래 비어 있는 기록 칸 네 개와 연필 삽화","진료에 전할 경험을 정리하는 AI 생성 기록 예시입니다. ‘피한 일’은 이미 피하게 된 상황의 기록이지 회피 권유가 아닙니다. 네 칸이 필수 진단 조건·점수표는 아니며 모르는 내용은 비워도 됩니다. 급한 위험에는 기록 완성보다 도움을 먼저 요청합니다.","anxiety-disorder","ARTICLE_PATH_AND_CLAIM_MAPPED","0","17","LOW","NEXT_IMAGE_DEFAULT_LAZY_BODY","SOURCE_CONCEPT_CHECKED;LICENSED_REVIEW_COMPLETED=NO","PRIVACY_SAFE","ANX-P3-004|ANX-P3-005","PASS"
"VIS-STR-P3-HERO","public/images/onurim/stroke/hero.webp","true","webp","1536","1024","1536","1024","17284","메모판과 도움 연결을 상징하는 초록·노랑 장식 표지 삽화","표지 도형은 뇌 검사 결과나 의료인 검수 완료 표시가 아닙니다.","stroke","ARTICLE_PATH_AND_CLAIM_MAPPED","0","0","VISUAL_SIMILARITY_REVIEW","NEXT_IMAGE_PRELOAD_HERO","SOURCE_CONCEPT_CHECKED;LICENSED_REVIEW_COMPLETED=NO","PRIVACY_SAFE","STR-P3-002|STR-P3-003","PASS"
"VIS-STR-P3-CONCEPT","public/images/onurim/stroke/concept-v2.webp","true","webp","1536","1024","1536","1024","193722","한쪽 힘·감각, 말·이해, 시야, 균형, 심한 두통의 변화를 각각 다른 가상 인물로 표현한 다섯 장면","AI 생성 교육 삽화입니다. 이 변화 중 하나라도 갑자기 나타나면 즉시 119에 연락합니다. 다섯 가지가 모두 필요한 조건·발생 순서·자가 검사법은 아닙니다. 신체 부위·시야 모양은 예시이며 표정·자세로 진단하지 않습니다. 컵은 배경 소품으로, 물·음식을 주거나 쉬며 기다리라는 뜻이 아닙니다.","stroke","ARTICLE_PATH_AND_CLAIM_MAPPED","0","21","LOW","NEXT_IMAGE_DEFAULT_LAZY_BODY","SOURCE_CONCEPT_CHECKED;LICENSED_REVIEW_COMPLETED=NO","PRIVACY_SAFE","STR-P3-002|STR-P3-005","PASS"
"VIS-STR-P3-ACTION","public/images/onurim/stroke/action-v2.webp","true","webp","1536","1024","1536","1024","122826","119 전화와 마지막 평소 상태·증상을 발견한 때의 빈 날짜와 시각 칸 두 개","119 신고 후 아는 사실을 전하기 위한 AI 생성 예시입니다. 두 시각은 같을 수도 다를 수도 있고, 모르는 내용은 모른다고 말합니다. 빈 시계에는 지정 시각·치료 마감선이 없으며 기록을 완성해야 도움을 받는 양식이 아닙니다.","stroke","ARTICLE_PATH_AND_CLAIM_MAPPED","0","22","LOW","NEXT_IMAGE_DEFAULT_LAZY_BODY","SOURCE_CONCEPT_CHECKED;LICENSED_REVIEW_COMPLETED=NO","PRIVACY_SAFE","STR-P3-003|STR-P3-004","PASS"
"VIS-AMI-P3-HERO","public/images/onurim/acute-myocardial-infarction/hero.webp","true","webp","1536","1024","1536","1024","16572","메모판과 도움 연결을 상징하는 분홍·초록 장식 표지 삽화","표지 도형은 심장 검사 결과나 의료인 검수 완료 표시가 아닙니다.","acute-myocardial-infarction","ARTICLE_PATH_AND_CLAIM_MAPPED","0","1","VISUAL_SIMILARITY_REVIEW","NEXT_IMAGE_PRELOAD_HERO","SOURCE_CONCEPT_CHECKED;LICENSED_REVIEW_COMPLETED=NO","PRIVACY_SAFE","AMI-P3-002|AMI-P3-003","PASS"
"VIS-AMI-P3-CONCEPT","public/images/onurim/acute-myocardial-infarction/concept-v2.webp","true","webp","1536","1024","1536","1024","136848","심장 표면의 관상동맥과 심장근육, 혈류를 방해하는 혈관 벽 변화·혈전의 확대 개념도","AI 생성 개념도입니다. 오른쪽 혈관 확대도 안의 노란 부분은 혈관벽의 플라크, 짙은 붉은 덩어리는 혈전을 단순화한 표현입니다. 관상동맥의 혈액 공급이 방해되는 대표 상황이며 실제 혈관 지도·손상 영역·폐색률·모든 원인을 나타내지 않습니다. 완전 폐색이 모든 심근경색의 필수 조건이라는 뜻이나 심장이 멈췄다는 그림도 아닙니다.","acute-myocardial-infarction","ARTICLE_PATH_AND_CLAIM_MAPPED","0","10","LOW","NEXT_IMAGE_DEFAULT_LAZY_BODY","SOURCE_CONCEPT_CHECKED;LICENSED_REVIEW_COMPLETED=NO","PRIVACY_SAFE","AMI-P3-001","PASS"
"VIS-AMI-P3-ACTION","public/images/onurim/acute-myocardial-infarction/action-v2.webp","true","webp","1536","1024","1536","1024","201098","먼저 119에 전화하는 가상 인물과 어디가 어떻게·처음 느낀 때·함께 생긴 변화·알고 있는 약의 빈 기록 칸","AI 생성 가상 장면입니다. 먼저 119에 연락한 뒤 아는 사실을 전합니다. 네 칸이 신고 조건이나 진단 점수는 아니며 모르면 모른다고 말합니다. 카드 완성·약 찾기·시각 확인 때문에 신고를 늦추지 않습니다.","acute-myocardial-infarction","ARTICLE_PATH_AND_CLAIM_MAPPED","0","13","LOW","NEXT_IMAGE_DEFAULT_LAZY_BODY","SOURCE_CONCEPT_CHECKED;LICENSED_REVIEW_COMPLETED=NO","PRIVACY_SAFE","AMI-P3-002|AMI-P3-003|AMI-P3-004|AMI-P3-005","PASS"
